--
-- PostgreSQL database dump
--

-- Dumped from database version 17.2 (Debian 17.2-1.pgdg120+1)
-- Dumped by pg_dump version 17.2 (Debian 17.2-1.pgdg120+1)

SET statement_timeout = 0;
SET lock_timeout = 0;
SET idle_in_transaction_session_timeout = 0;
SET transaction_timeout = 0;
SET client_encoding = 'UTF8';
SET standard_conforming_strings = on;
SELECT pg_catalog.set_config('search_path', '', false);
SET check_function_bodies = false;
SET xmloption = content;
SET client_min_messages = warning;
SET row_security = off;

SET default_tablespace = '';

SET default_table_access_method = heap;

--
-- Name: auth_group; Type: TABLE; Schema: public; Owner: multipla
--

CREATE TABLE public.auth_group (
    id integer NOT NULL,
    name character varying(150) NOT NULL
);


ALTER TABLE public.auth_group OWNER TO multipla;

--
-- Name: auth_group_id_seq; Type: SEQUENCE; Schema: public; Owner: multipla
--

ALTER TABLE public.auth_group ALTER COLUMN id ADD GENERATED BY DEFAULT AS IDENTITY (
    SEQUENCE NAME public.auth_group_id_seq
    START WITH 1
    INCREMENT BY 1
    NO MINVALUE
    NO MAXVALUE
    CACHE 1
);


--
-- Name: auth_group_permissions; Type: TABLE; Schema: public; Owner: multipla
--

CREATE TABLE public.auth_group_permissions (
    id bigint NOT NULL,
    group_id integer NOT NULL,
    permission_id integer NOT NULL
);


ALTER TABLE public.auth_group_permissions OWNER TO multipla;

--
-- Name: auth_group_permissions_id_seq; Type: SEQUENCE; Schema: public; Owner: multipla
--

ALTER TABLE public.auth_group_permissions ALTER COLUMN id ADD GENERATED BY DEFAULT AS IDENTITY (
    SEQUENCE NAME public.auth_group_permissions_id_seq
    START WITH 1
    INCREMENT BY 1
    NO MINVALUE
    NO MAXVALUE
    CACHE 1
);


--
-- Name: auth_permission; Type: TABLE; Schema: public; Owner: multipla
--

CREATE TABLE public.auth_permission (
    id integer NOT NULL,
    name character varying(255) NOT NULL,
    content_type_id integer NOT NULL,
    codename character varying(100) NOT NULL
);


ALTER TABLE public.auth_permission OWNER TO multipla;

--
-- Name: auth_permission_id_seq; Type: SEQUENCE; Schema: public; Owner: multipla
--

ALTER TABLE public.auth_permission ALTER COLUMN id ADD GENERATED BY DEFAULT AS IDENTITY (
    SEQUENCE NAME public.auth_permission_id_seq
    START WITH 1
    INCREMENT BY 1
    NO MINVALUE
    NO MAXVALUE
    CACHE 1
);


--
-- Name: auth_user; Type: TABLE; Schema: public; Owner: multipla
--

CREATE TABLE public.auth_user (
    id integer NOT NULL,
    password character varying(128) NOT NULL,
    last_login timestamp with time zone,
    is_superuser boolean NOT NULL,
    username character varying(150) NOT NULL,
    first_name character varying(150) NOT NULL,
    last_name character varying(150) NOT NULL,
    email character varying(254) NOT NULL,
    is_staff boolean NOT NULL,
    is_active boolean NOT NULL,
    date_joined timestamp with time zone NOT NULL
);


ALTER TABLE public.auth_user OWNER TO multipla;

--
-- Name: auth_user_groups; Type: TABLE; Schema: public; Owner: multipla
--

CREATE TABLE public.auth_user_groups (
    id bigint NOT NULL,
    user_id integer NOT NULL,
    group_id integer NOT NULL
);


ALTER TABLE public.auth_user_groups OWNER TO multipla;

--
-- Name: auth_user_groups_id_seq; Type: SEQUENCE; Schema: public; Owner: multipla
--

ALTER TABLE public.auth_user_groups ALTER COLUMN id ADD GENERATED BY DEFAULT AS IDENTITY (
    SEQUENCE NAME public.auth_user_groups_id_seq
    START WITH 1
    INCREMENT BY 1
    NO MINVALUE
    NO MAXVALUE
    CACHE 1
);


--
-- Name: auth_user_id_seq; Type: SEQUENCE; Schema: public; Owner: multipla
--

ALTER TABLE public.auth_user ALTER COLUMN id ADD GENERATED BY DEFAULT AS IDENTITY (
    SEQUENCE NAME public.auth_user_id_seq
    START WITH 1
    INCREMENT BY 1
    NO MINVALUE
    NO MAXVALUE
    CACHE 1
);


--
-- Name: auth_user_user_permissions; Type: TABLE; Schema: public; Owner: multipla
--

CREATE TABLE public.auth_user_user_permissions (
    id bigint NOT NULL,
    user_id integer NOT NULL,
    permission_id integer NOT NULL
);


ALTER TABLE public.auth_user_user_permissions OWNER TO multipla;

--
-- Name: auth_user_user_permissions_id_seq; Type: SEQUENCE; Schema: public; Owner: multipla
--

ALTER TABLE public.auth_user_user_permissions ALTER COLUMN id ADD GENERATED BY DEFAULT AS IDENTITY (
    SEQUENCE NAME public.auth_user_user_permissions_id_seq
    START WITH 1
    INCREMENT BY 1
    NO MINVALUE
    NO MAXVALUE
    CACHE 1
);


--
-- Name: authtoken_token; Type: TABLE; Schema: public; Owner: multipla
--

CREATE TABLE public.authtoken_token (
    key character varying(40) NOT NULL,
    created timestamp with time zone NOT NULL,
    user_id integer NOT NULL
);


ALTER TABLE public.authtoken_token OWNER TO multipla;

--
-- Name: clientes_cliente; Type: TABLE; Schema: public; Owner: multipla
--

CREATE TABLE public.clientes_cliente (
    id bigint NOT NULL,
    nome character varying(255) NOT NULL,
    cpf_cnpj character varying(18),
    endereco character varying(255) NOT NULL,
    cidade character varying(100) NOT NULL,
    estado character varying(2) NOT NULL,
    cep character varying(9),
    telefone character varying(15) NOT NULL,
    email character varying(254),
    is_active boolean NOT NULL,
    empresa_id bigint NOT NULL
);


ALTER TABLE public.clientes_cliente OWNER TO multipla;

--
-- Name: clientes_cliente_id_seq; Type: SEQUENCE; Schema: public; Owner: multipla
--

ALTER TABLE public.clientes_cliente ALTER COLUMN id ADD GENERATED BY DEFAULT AS IDENTITY (
    SEQUENCE NAME public.clientes_cliente_id_seq
    START WITH 1
    INCREMENT BY 1
    NO MINVALUE
    NO MAXVALUE
    CACHE 1
);


--
-- Name: contas_pagar_contaapagar; Type: TABLE; Schema: public; Owner: multipla
--

CREATE TABLE public.contas_pagar_contaapagar (
    id bigint NOT NULL,
    status character varying(20) NOT NULL,
    data_pagamento date NOT NULL,
    competencia date NOT NULL,
    valor_total numeric(10,2) NOT NULL,
    is_active boolean NOT NULL,
    diferenca numeric(10,2) NOT NULL,
    justificativa_diferenca text,
    centro_custo_id integer,
    conta_financeira_id bigint,
    contrato_id bigint NOT NULL,
    forma_pagamento_id bigint NOT NULL,
    filial_id bigint NOT NULL
);


ALTER TABLE public.contas_pagar_contaapagar OWNER TO multipla;

--
-- Name: contas_pagar_contaapagar_id_seq; Type: SEQUENCE; Schema: public; Owner: multipla
--

ALTER TABLE public.contas_pagar_contaapagar ALTER COLUMN id ADD GENERATED BY DEFAULT AS IDENTITY (
    SEQUENCE NAME public.contas_pagar_contaapagar_id_seq
    START WITH 1
    INCREMENT BY 1
    NO MINVALUE
    NO MAXVALUE
    CACHE 1
);


--
-- Name: contas_pagar_contaareceber; Type: TABLE; Schema: public; Owner: multipla
--

CREATE TABLE public.contas_pagar_contaareceber (
    id bigint NOT NULL,
    status character varying(20) NOT NULL,
    data_recebimento date NOT NULL,
    competencia date NOT NULL,
    valor_total numeric(10,2) NOT NULL,
    is_active boolean NOT NULL,
    diferenca numeric(10,2) NOT NULL,
    justificativa_diferenca text,
    centro_custo_id integer,
    conta_financeira_id bigint,
    contrato_id bigint NOT NULL,
    forma_pagamento_id bigint NOT NULL,
    filial_id bigint NOT NULL
);


ALTER TABLE public.contas_pagar_contaareceber OWNER TO multipla;

--
-- Name: contas_pagar_contaareceber_id_seq; Type: SEQUENCE; Schema: public; Owner: multipla
--

ALTER TABLE public.contas_pagar_contaareceber ALTER COLUMN id ADD GENERATED BY DEFAULT AS IDENTITY (
    SEQUENCE NAME public.contas_pagar_contaareceber_id_seq
    START WITH 1
    INCREMENT BY 1
    NO MINVALUE
    NO MAXVALUE
    CACHE 1
);


--
-- Name: contas_pagar_contapagaravulso; Type: TABLE; Schema: public; Owner: multipla
--

CREATE TABLE public.contas_pagar_contapagaravulso (
    id bigint NOT NULL,
    tipo_pagador character varying(20) NOT NULL,
    descricao character varying(255) NOT NULL,
    valor numeric(10,2) NOT NULL,
    data_pagamento date NOT NULL,
    competencia character varying(7) NOT NULL,
    is_active boolean NOT NULL,
    status character varying(20) NOT NULL,
    centro_custo_id integer,
    conta_financeira_id bigint,
    fornecedor_id bigint NOT NULL,
    funcionario_id bigint,
    filial_id bigint NOT NULL
);


ALTER TABLE public.contas_pagar_contapagaravulso OWNER TO multipla;

--
-- Name: contas_pagar_contapagaravulso_id_seq; Type: SEQUENCE; Schema: public; Owner: multipla
--

ALTER TABLE public.contas_pagar_contapagaravulso ALTER COLUMN id ADD GENERATED BY DEFAULT AS IDENTITY (
    SEQUENCE NAME public.contas_pagar_contapagaravulso_id_seq
    START WITH 1
    INCREMENT BY 1
    NO MINVALUE
    NO MAXVALUE
    CACHE 1
);


--
-- Name: contas_pagar_contapagaravulso_projetos; Type: TABLE; Schema: public; Owner: multipla
--

CREATE TABLE public.contas_pagar_contapagaravulso_projetos (
    id bigint NOT NULL,
    contapagaravulso_id bigint NOT NULL,
    projeto_id bigint NOT NULL
);


ALTER TABLE public.contas_pagar_contapagaravulso_projetos OWNER TO multipla;

--
-- Name: contas_pagar_contapagaravulso_projetos_id_seq; Type: SEQUENCE; Schema: public; Owner: multipla
--

ALTER TABLE public.contas_pagar_contapagaravulso_projetos ALTER COLUMN id ADD GENERATED BY DEFAULT AS IDENTITY (
    SEQUENCE NAME public.contas_pagar_contapagaravulso_projetos_id_seq
    START WITH 1
    INCREMENT BY 1
    NO MINVALUE
    NO MAXVALUE
    CACHE 1
);


--
-- Name: contas_pagar_contareceberavulso; Type: TABLE; Schema: public; Owner: multipla
--

CREATE TABLE public.contas_pagar_contareceberavulso (
    id bigint NOT NULL,
    descricao character varying(255) NOT NULL,
    valor numeric(10,2) NOT NULL,
    data_recebimento date NOT NULL,
    competencia character varying(7) NOT NULL,
    is_active boolean NOT NULL,
    status character varying(20) NOT NULL,
    centro_custo_id integer,
    cliente_id bigint NOT NULL,
    conta_financeira_id bigint,
    filial_id bigint NOT NULL
);


ALTER TABLE public.contas_pagar_contareceberavulso OWNER TO multipla;

--
-- Name: contas_pagar_contareceberavulso_id_seq; Type: SEQUENCE; Schema: public; Owner: multipla
--

ALTER TABLE public.contas_pagar_contareceberavulso ALTER COLUMN id ADD GENERATED BY DEFAULT AS IDENTITY (
    SEQUENCE NAME public.contas_pagar_contareceberavulso_id_seq
    START WITH 1
    INCREMENT BY 1
    NO MINVALUE
    NO MAXVALUE
    CACHE 1
);


--
-- Name: contas_pagar_contareceberavulso_projetos; Type: TABLE; Schema: public; Owner: multipla
--

CREATE TABLE public.contas_pagar_contareceberavulso_projetos (
    id bigint NOT NULL,
    contareceberavulso_id bigint NOT NULL,
    projeto_id bigint NOT NULL
);


ALTER TABLE public.contas_pagar_contareceberavulso_projetos OWNER TO multipla;

--
-- Name: contas_pagar_contareceberavulso_projetos_id_seq; Type: SEQUENCE; Schema: public; Owner: multipla
--

ALTER TABLE public.contas_pagar_contareceberavulso_projetos ALTER COLUMN id ADD GENERATED BY DEFAULT AS IDENTITY (
    SEQUENCE NAME public.contas_pagar_contareceberavulso_projetos_id_seq
    START WITH 1
    INCREMENT BY 1
    NO MINVALUE
    NO MAXVALUE
    CACHE 1
);


--
-- Name: contas_pagar_projetoconta; Type: TABLE; Schema: public; Owner: multipla
--

CREATE TABLE public.contas_pagar_projetoconta (
    id bigint NOT NULL,
    valor numeric(10,2) NOT NULL,
    conta_id bigint NOT NULL,
    projeto_id bigint NOT NULL
);


ALTER TABLE public.contas_pagar_projetoconta OWNER TO multipla;

--
-- Name: contas_pagar_projetoconta_id_seq; Type: SEQUENCE; Schema: public; Owner: multipla
--

ALTER TABLE public.contas_pagar_projetoconta ALTER COLUMN id ADD GENERATED BY DEFAULT AS IDENTITY (
    SEQUENCE NAME public.contas_pagar_projetoconta_id_seq
    START WITH 1
    INCREMENT BY 1
    NO MINVALUE
    NO MAXVALUE
    CACHE 1
);


--
-- Name: contas_pagar_projetocontapagar; Type: TABLE; Schema: public; Owner: multipla
--

CREATE TABLE public.contas_pagar_projetocontapagar (
    id bigint NOT NULL,
    valor numeric(10,2) NOT NULL,
    conta_id bigint NOT NULL,
    projeto_id bigint NOT NULL
);


ALTER TABLE public.contas_pagar_projetocontapagar OWNER TO multipla;

--
-- Name: contas_pagar_projetocontapagar_id_seq; Type: SEQUENCE; Schema: public; Owner: multipla
--

ALTER TABLE public.contas_pagar_projetocontapagar ALTER COLUMN id ADD GENERATED BY DEFAULT AS IDENTITY (
    SEQUENCE NAME public.contas_pagar_projetocontapagar_id_seq
    START WITH 1
    INCREMENT BY 1
    NO MINVALUE
    NO MAXVALUE
    CACHE 1
);


--
-- Name: contratos_contrato; Type: TABLE; Schema: public; Owner: multipla
--

CREATE TABLE public.contratos_contrato (
    id bigint NOT NULL,
    valor_parcela numeric(10,2),
    periodicidade_vencimento character varying(10),
    data_primeiro_vencimento date,
    numero character varying(50) NOT NULL,
    descricao text NOT NULL,
    data_inicio date NOT NULL,
    data_termino date,
    valor_total numeric(10,2) NOT NULL,
    status character varying(10) NOT NULL,
    tipo character varying(11) NOT NULL,
    arquivo character varying(100),
    is_deleted boolean NOT NULL,
    confirmado boolean NOT NULL,
    cliente_id bigint,
    fornecedor_id bigint,
    funcionario_id bigint,
    horizonte_projecao integer,
    filial_id bigint NOT NULL
);


ALTER TABLE public.contratos_contrato OWNER TO multipla;

--
-- Name: contratos_contrato_id_seq; Type: SEQUENCE; Schema: public; Owner: multipla
--

ALTER TABLE public.contratos_contrato ALTER COLUMN id ADD GENERATED BY DEFAULT AS IDENTITY (
    SEQUENCE NAME public.contratos_contrato_id_seq
    START WITH 1
    INCREMENT BY 1
    NO MINVALUE
    NO MAXVALUE
    CACHE 1
);


--
-- Name: contratos_contratoprojeto; Type: TABLE; Schema: public; Owner: multipla
--

CREATE TABLE public.contratos_contratoprojeto (
    id bigint NOT NULL,
    valor_projeto numeric(10,2) NOT NULL,
    contrato_id bigint NOT NULL,
    projeto_id bigint NOT NULL
);


ALTER TABLE public.contratos_contratoprojeto OWNER TO multipla;

--
-- Name: contratos_contratoprojeto_id_seq; Type: SEQUENCE; Schema: public; Owner: multipla
--

ALTER TABLE public.contratos_contratoprojeto ALTER COLUMN id ADD GENERATED BY DEFAULT AS IDENTITY (
    SEQUENCE NAME public.contratos_contratoprojeto_id_seq
    START WITH 1
    INCREMENT BY 1
    NO MINVALUE
    NO MAXVALUE
    CACHE 1
);


--
-- Name: contratos_projecaofaturamento; Type: TABLE; Schema: public; Owner: multipla
--

CREATE TABLE public.contratos_projecaofaturamento (
    id bigint NOT NULL,
    data_vencimento date NOT NULL,
    valor_parcela numeric(10,2) NOT NULL,
    pago boolean,
    contrato_id bigint NOT NULL
);


ALTER TABLE public.contratos_projecaofaturamento OWNER TO multipla;

--
-- Name: contratos_projecaofaturamento_id_seq; Type: SEQUENCE; Schema: public; Owner: multipla
--

ALTER TABLE public.contratos_projecaofaturamento ALTER COLUMN id ADD GENERATED BY DEFAULT AS IDENTITY (
    SEQUENCE NAME public.contratos_projecaofaturamento_id_seq
    START WITH 1
    INCREMENT BY 1
    NO MINVALUE
    NO MAXVALUE
    CACHE 1
);


--
-- Name: django_admin_log; Type: TABLE; Schema: public; Owner: multipla
--

CREATE TABLE public.django_admin_log (
    id integer NOT NULL,
    action_time timestamp with time zone NOT NULL,
    object_id text,
    object_repr character varying(200) NOT NULL,
    action_flag smallint NOT NULL,
    change_message text NOT NULL,
    content_type_id integer,
    user_id integer NOT NULL,
    CONSTRAINT django_admin_log_action_flag_check CHECK ((action_flag >= 0))
);


ALTER TABLE public.django_admin_log OWNER TO multipla;

--
-- Name: django_admin_log_id_seq; Type: SEQUENCE; Schema: public; Owner: multipla
--

ALTER TABLE public.django_admin_log ALTER COLUMN id ADD GENERATED BY DEFAULT AS IDENTITY (
    SEQUENCE NAME public.django_admin_log_id_seq
    START WITH 1
    INCREMENT BY 1
    NO MINVALUE
    NO MAXVALUE
    CACHE 1
);


--
-- Name: django_content_type; Type: TABLE; Schema: public; Owner: multipla
--

CREATE TABLE public.django_content_type (
    id integer NOT NULL,
    app_label character varying(100) NOT NULL,
    model character varying(100) NOT NULL
);


ALTER TABLE public.django_content_type OWNER TO multipla;

--
-- Name: django_content_type_id_seq; Type: SEQUENCE; Schema: public; Owner: multipla
--

ALTER TABLE public.django_content_type ALTER COLUMN id ADD GENERATED BY DEFAULT AS IDENTITY (
    SEQUENCE NAME public.django_content_type_id_seq
    START WITH 1
    INCREMENT BY 1
    NO MINVALUE
    NO MAXVALUE
    CACHE 1
);


--
-- Name: django_migrations; Type: TABLE; Schema: public; Owner: multipla
--

CREATE TABLE public.django_migrations (
    id bigint NOT NULL,
    app character varying(255) NOT NULL,
    name character varying(255) NOT NULL,
    applied timestamp with time zone NOT NULL
);


ALTER TABLE public.django_migrations OWNER TO multipla;

--
-- Name: django_migrations_id_seq; Type: SEQUENCE; Schema: public; Owner: multipla
--

ALTER TABLE public.django_migrations ALTER COLUMN id ADD GENERATED BY DEFAULT AS IDENTITY (
    SEQUENCE NAME public.django_migrations_id_seq
    START WITH 1
    INCREMENT BY 1
    NO MINVALUE
    NO MAXVALUE
    CACHE 1
);


--
-- Name: django_session; Type: TABLE; Schema: public; Owner: multipla
--

CREATE TABLE public.django_session (
    session_key character varying(40) NOT NULL,
    session_data text NOT NULL,
    expire_date timestamp with time zone NOT NULL
);


ALTER TABLE public.django_session OWNER TO multipla;

--
-- Name: empresas_empresa; Type: TABLE; Schema: public; Owner: multipla
--

CREATE TABLE public.empresas_empresa (
    id bigint NOT NULL,
    nome character varying(255) NOT NULL,
    cnpj character varying(18) NOT NULL,
    endereco_matriz character varying(255) NOT NULL,
    cidade character varying(100) NOT NULL,
    estado character varying(2) NOT NULL,
    cep character varying(9) NOT NULL,
    telefone character varying(15) NOT NULL,
    email character varying(254) NOT NULL
);


ALTER TABLE public.empresas_empresa OWNER TO multipla;

--
-- Name: empresas_empresa_id_seq; Type: SEQUENCE; Schema: public; Owner: multipla
--

ALTER TABLE public.empresas_empresa ALTER COLUMN id ADD GENERATED BY DEFAULT AS IDENTITY (
    SEQUENCE NAME public.empresas_empresa_id_seq
    START WITH 1
    INCREMENT BY 1
    NO MINVALUE
    NO MAXVALUE
    CACHE 1
);


--
-- Name: empresas_filial; Type: TABLE; Schema: public; Owner: multipla
--

CREATE TABLE public.empresas_filial (
    id bigint NOT NULL,
    nome character varying(255) NOT NULL,
    endereco character varying(255) NOT NULL,
    cidade character varying(100) NOT NULL,
    estado character varying(2) NOT NULL,
    cep character varying(9) NOT NULL,
    telefone character varying(15) NOT NULL,
    email character varying(254) NOT NULL,
    empresa_id bigint NOT NULL
);


ALTER TABLE public.empresas_filial OWNER TO multipla;

--
-- Name: empresas_filial_id_seq; Type: SEQUENCE; Schema: public; Owner: multipla
--

ALTER TABLE public.empresas_filial ALTER COLUMN id ADD GENERATED BY DEFAULT AS IDENTITY (
    SEQUENCE NAME public.empresas_filial_id_seq
    START WITH 1
    INCREMENT BY 1
    NO MINVALUE
    NO MAXVALUE
    CACHE 1
);


--
-- Name: financeiro_centrocusto; Type: TABLE; Schema: public; Owner: multipla
--

CREATE TABLE public.financeiro_centrocusto (
    id integer NOT NULL,
    descricao character varying(100) NOT NULL,
    mascara_centro_custo character varying(3) NOT NULL,
    is_active boolean NOT NULL,
    filial_id bigint NOT NULL
);


ALTER TABLE public.financeiro_centrocusto OWNER TO multipla;

--
-- Name: financeiro_centrocusto_id_seq; Type: SEQUENCE; Schema: public; Owner: multipla
--

ALTER TABLE public.financeiro_centrocusto ALTER COLUMN id ADD GENERATED BY DEFAULT AS IDENTITY (
    SEQUENCE NAME public.financeiro_centrocusto_id_seq
    START WITH 1
    INCREMENT BY 1
    NO MINVALUE
    NO MAXVALUE
    CACHE 1
);


--
-- Name: financeiro_contafinanceira; Type: TABLE; Schema: public; Owner: multipla
--

CREATE TABLE public.financeiro_contafinanceira (
    id bigint NOT NULL,
    mascara_conta character varying(14) NOT NULL,
    descricao character varying(100) NOT NULL,
    is_active boolean NOT NULL,
    filial_id bigint NOT NULL
);


ALTER TABLE public.financeiro_contafinanceira OWNER TO multipla;

--
-- Name: financeiro_contafinanceira_id_seq; Type: SEQUENCE; Schema: public; Owner: multipla
--

ALTER TABLE public.financeiro_contafinanceira ALTER COLUMN id ADD GENERATED BY DEFAULT AS IDENTITY (
    SEQUENCE NAME public.financeiro_contafinanceira_id_seq
    START WITH 1
    INCREMENT BY 1
    NO MINVALUE
    NO MAXVALUE
    CACHE 1
);


--
-- Name: fornecedores_fornecedor; Type: TABLE; Schema: public; Owner: multipla
--

CREATE TABLE public.fornecedores_fornecedor (
    id bigint NOT NULL,
    nome character varying(255) NOT NULL,
    cpf_cnpj character varying(18),
    endereco character varying(255) NOT NULL,
    cidade character varying(100) NOT NULL,
    estado character varying(2) NOT NULL,
    cep character varying(9),
    telefone character varying(15) NOT NULL,
    email character varying(254),
    is_active boolean NOT NULL,
    empresa_id bigint NOT NULL
);


ALTER TABLE public.fornecedores_fornecedor OWNER TO multipla;

--
-- Name: fornecedores_fornecedor_id_seq; Type: SEQUENCE; Schema: public; Owner: multipla
--

ALTER TABLE public.fornecedores_fornecedor ALTER COLUMN id ADD GENERATED BY DEFAULT AS IDENTITY (
    SEQUENCE NAME public.fornecedores_fornecedor_id_seq
    START WITH 1
    INCREMENT BY 1
    NO MINVALUE
    NO MAXVALUE
    CACHE 1
);


--
-- Name: funcionarios_funcionario; Type: TABLE; Schema: public; Owner: multipla
--

CREATE TABLE public.funcionarios_funcionario (
    id bigint NOT NULL,
    cpf character varying(14) NOT NULL,
    nome_completo character varying(255) NOT NULL,
    data_nascimento date NOT NULL,
    sexo character varying(1) NOT NULL,
    nacionalidade character varying(50) NOT NULL,
    endereco character varying(255) NOT NULL,
    numero character varying(10) NOT NULL,
    bairro character varying(100) NOT NULL,
    cidade character varying(100) NOT NULL,
    estado character varying(2) NOT NULL,
    cep character varying(9),
    estado_civil character varying(1) NOT NULL,
    grau_instrucao character varying(2) NOT NULL,
    data_admissao date NOT NULL,
    matricula character varying(20) NOT NULL,
    cargo_funcao character varying(100) NOT NULL,
    tipo_contrato character varying(1) NOT NULL,
    jornada_trabalho character varying(50) NOT NULL,
    categoria character varying(3) NOT NULL,
    salario numeric(10,2) NOT NULL,
    forma_pagamento character varying(1) NOT NULL,
    is_active boolean NOT NULL,
    filial_id bigint NOT NULL
);


ALTER TABLE public.funcionarios_funcionario OWNER TO multipla;

--
-- Name: funcionarios_funcionario_id_seq; Type: SEQUENCE; Schema: public; Owner: multipla
--

ALTER TABLE public.funcionarios_funcionario ALTER COLUMN id ADD GENERATED BY DEFAULT AS IDENTITY (
    SEQUENCE NAME public.funcionarios_funcionario_id_seq
    START WITH 1
    INCREMENT BY 1
    NO MINVALUE
    NO MAXVALUE
    CACHE 1
);


--
-- Name: pagamentos_formapagamento; Type: TABLE; Schema: public; Owner: multipla
--

CREATE TABLE public.pagamentos_formapagamento (
    id bigint NOT NULL,
    descricao character varying(100) NOT NULL,
    tipo character varying(20) NOT NULL,
    is_active boolean NOT NULL,
    filial_id bigint NOT NULL
);


ALTER TABLE public.pagamentos_formapagamento OWNER TO multipla;

--
-- Name: pagamentos_formapagamento_id_seq; Type: SEQUENCE; Schema: public; Owner: multipla
--

ALTER TABLE public.pagamentos_formapagamento ALTER COLUMN id ADD GENERATED BY DEFAULT AS IDENTITY (
    SEQUENCE NAME public.pagamentos_formapagamento_id_seq
    START WITH 1
    INCREMENT BY 1
    NO MINVALUE
    NO MAXVALUE
    CACHE 1
);


--
-- Name: projetos_projeto; Type: TABLE; Schema: public; Owner: multipla
--

CREATE TABLE public.projetos_projeto (
    id bigint NOT NULL,
    nome character varying(255) NOT NULL,
    descricao text NOT NULL,
    data_inicio date NOT NULL,
    data_termino date,
    status character varying(10) NOT NULL,
    is_active boolean NOT NULL,
    filial_id bigint NOT NULL
);


ALTER TABLE public.projetos_projeto OWNER TO multipla;

--
-- Name: projetos_projeto_id_seq; Type: SEQUENCE; Schema: public; Owner: multipla
--

ALTER TABLE public.projetos_projeto ALTER COLUMN id ADD GENERATED BY DEFAULT AS IDENTITY (
    SEQUENCE NAME public.projetos_projeto_id_seq
    START WITH 1
    INCREMENT BY 1
    NO MINVALUE
    NO MAXVALUE
    CACHE 1
);


--
-- Name: usuarios_perfilusuario; Type: TABLE; Schema: public; Owner: multipla
--

CREATE TABLE public.usuarios_perfilusuario (
    id bigint NOT NULL,
    email character varying(254) NOT NULL,
    user_id integer NOT NULL,
    empresa_padrao_id bigint NOT NULL
);


ALTER TABLE public.usuarios_perfilusuario OWNER TO multipla;

--
-- Name: usuarios_perfilusuario_empresas_acessiveis; Type: TABLE; Schema: public; Owner: multipla
--

CREATE TABLE public.usuarios_perfilusuario_empresas_acessiveis (
    id bigint NOT NULL,
    perfilusuario_id bigint NOT NULL,
    empresa_id bigint NOT NULL
);


ALTER TABLE public.usuarios_perfilusuario_empresas_acessiveis OWNER TO multipla;

--
-- Name: usuarios_perfilusuario_empresas_acessiveis_id_seq; Type: SEQUENCE; Schema: public; Owner: multipla
--

ALTER TABLE public.usuarios_perfilusuario_empresas_acessiveis ALTER COLUMN id ADD GENERATED BY DEFAULT AS IDENTITY (
    SEQUENCE NAME public.usuarios_perfilusuario_empresas_acessiveis_id_seq
    START WITH 1
    INCREMENT BY 1
    NO MINVALUE
    NO MAXVALUE
    CACHE 1
);


--
-- Name: usuarios_perfilusuario_id_seq; Type: SEQUENCE; Schema: public; Owner: multipla
--

ALTER TABLE public.usuarios_perfilusuario ALTER COLUMN id ADD GENERATED BY DEFAULT AS IDENTITY (
    SEQUENCE NAME public.usuarios_perfilusuario_id_seq
    START WITH 1
    INCREMENT BY 1
    NO MINVALUE
    NO MAXVALUE
    CACHE 1
);


--
-- Data for Name: auth_group; Type: TABLE DATA; Schema: public; Owner: multipla
--

COPY public.auth_group (id, name) FROM stdin;
\.


--
-- Data for Name: auth_group_permissions; Type: TABLE DATA; Schema: public; Owner: multipla
--

COPY public.auth_group_permissions (id, group_id, permission_id) FROM stdin;
\.


--
-- Data for Name: auth_permission; Type: TABLE DATA; Schema: public; Owner: multipla
--

COPY public.auth_permission (id, name, content_type_id, codename) FROM stdin;
1	Can add log entry	1	add_logentry
2	Can change log entry	1	change_logentry
3	Can delete log entry	1	delete_logentry
4	Can view log entry	1	view_logentry
5	Can add permission	2	add_permission
6	Can change permission	2	change_permission
7	Can delete permission	2	delete_permission
8	Can view permission	2	view_permission
9	Can add group	3	add_group
10	Can change group	3	change_group
11	Can delete group	3	delete_group
12	Can view group	3	view_group
13	Can add user	4	add_user
14	Can change user	4	change_user
15	Can delete user	4	delete_user
16	Can view user	4	view_user
17	Can add content type	5	add_contenttype
18	Can change content type	5	change_contenttype
19	Can delete content type	5	delete_contenttype
20	Can view content type	5	view_contenttype
21	Can add session	6	add_session
22	Can change session	6	change_session
23	Can delete session	6	delete_session
24	Can view session	6	view_session
25	Can add Token	7	add_token
26	Can change Token	7	change_token
27	Can delete Token	7	delete_token
28	Can view Token	7	view_token
29	Can add Token	8	add_tokenproxy
30	Can change Token	8	change_tokenproxy
31	Can delete Token	8	delete_tokenproxy
32	Can view Token	8	view_tokenproxy
33	Can add fornecedor	9	add_fornecedor
34	Can change fornecedor	9	change_fornecedor
35	Can delete fornecedor	9	delete_fornecedor
36	Can view fornecedor	9	view_fornecedor
37	Can add cliente	10	add_cliente
38	Can change cliente	10	change_cliente
39	Can delete cliente	10	delete_cliente
40	Can view cliente	10	view_cliente
41	Can add contrato	11	add_contrato
42	Can change contrato	11	change_contrato
43	Can delete contrato	11	delete_contrato
44	Can view contrato	11	view_contrato
45	Can add projecao faturamento	12	add_projecaofaturamento
46	Can change projecao faturamento	12	change_projecaofaturamento
47	Can delete projecao faturamento	12	delete_projecaofaturamento
48	Can view projecao faturamento	12	view_projecaofaturamento
49	Can add contrato projeto	13	add_contratoprojeto
50	Can change contrato projeto	13	change_contratoprojeto
51	Can delete contrato projeto	13	delete_contratoprojeto
52	Can view contrato projeto	13	view_contratoprojeto
53	Can add projeto	14	add_projeto
54	Can change projeto	14	change_projeto
55	Can delete projeto	14	delete_projeto
56	Can view projeto	14	view_projeto
57	Can add forma pagamento	15	add_formapagamento
58	Can change forma pagamento	15	change_formapagamento
59	Can delete forma pagamento	15	delete_formapagamento
60	Can view forma pagamento	15	view_formapagamento
61	Can add conta a pagar	16	add_contaapagar
62	Can change conta a pagar	16	change_contaapagar
63	Can delete conta a pagar	16	delete_contaapagar
64	Can view conta a pagar	16	view_contaapagar
65	Can add conta a receber	17	add_contaareceber
66	Can change conta a receber	17	change_contaareceber
67	Can delete conta a receber	17	delete_contaareceber
68	Can view conta a receber	17	view_contaareceber
69	Can add conta pagar avulso	18	add_contapagaravulso
70	Can change conta pagar avulso	18	change_contapagaravulso
71	Can delete conta pagar avulso	18	delete_contapagaravulso
72	Can view conta pagar avulso	18	view_contapagaravulso
73	Can add conta receber avulso	19	add_contareceberavulso
74	Can change conta receber avulso	19	change_contareceberavulso
75	Can delete conta receber avulso	19	delete_contareceberavulso
76	Can view conta receber avulso	19	view_contareceberavulso
77	Can add projeto conta	20	add_projetoconta
78	Can change projeto conta	20	change_projetoconta
79	Can delete projeto conta	20	delete_projetoconta
80	Can view projeto conta	20	view_projetoconta
81	Can add projeto conta pagar	21	add_projetocontapagar
82	Can change projeto conta pagar	21	change_projetocontapagar
83	Can delete projeto conta pagar	21	delete_projetocontapagar
84	Can view projeto conta pagar	21	view_projetocontapagar
85	Can add perfil usuario	22	add_perfilusuario
86	Can change perfil usuario	22	change_perfilusuario
87	Can delete perfil usuario	22	delete_perfilusuario
88	Can view perfil usuario	22	view_perfilusuario
89	Can add empresa	23	add_empresa
90	Can change empresa	23	change_empresa
91	Can delete empresa	23	delete_empresa
92	Can view empresa	23	view_empresa
93	Can add filial	24	add_filial
94	Can change filial	24	change_filial
95	Can delete filial	24	delete_filial
96	Can view filial	24	view_filial
97	Can add centro custo	25	add_centrocusto
98	Can change centro custo	25	change_centrocusto
99	Can delete centro custo	25	delete_centrocusto
100	Can view centro custo	25	view_centrocusto
101	Can add conta financeira	26	add_contafinanceira
102	Can change conta financeira	26	change_contafinanceira
103	Can delete conta financeira	26	delete_contafinanceira
104	Can view conta financeira	26	view_contafinanceira
105	Can add funcionario	27	add_funcionario
106	Can change funcionario	27	change_funcionario
107	Can delete funcionario	27	delete_funcionario
108	Can view funcionario	27	view_funcionario
\.


--
-- Data for Name: auth_user; Type: TABLE DATA; Schema: public; Owner: multipla
--

COPY public.auth_user (id, password, last_login, is_superuser, username, first_name, last_name, email, is_staff, is_active, date_joined) FROM stdin;
1	pbkdf2_sha256$870000$3wthwxoJZjgD2nzA4Fpgxi$mIii/85wORXQEdnbDGzxYukVzUl/tAgkYiNl486AbaI=	\N	t	admin			admin@mail.com	t	t	2025-04-04 18:14:02.479109+00
2	pbkdf2_sha256$870000$NPHAlIGPoeS9AVs7kz47dM$TqtUgSoGRZFu8CS69v3bAoY4rpomGpnFVYg7JdkGWCw=	\N	f	joao				f	t	2025-04-29 16:44:37.06887+00
4	pbkdf2_sha256$870000$7C7yG5w8PcRJc2frUKLnca$IR/miyONcfq4n60yiVy4fsVX20Bwj7GML4/unYRNszs=	\N	f	user1				f	t	2025-04-30 17:59:05.51989+00
5	pbkdf2_sha256$870000$riqKqHHmpjYrUPaJphXl4O$jfrMKQ0P70jbscov/pRx9Y+tzvykHQ4V32aATABdVco=	\N	f	user2				f	t	2025-04-30 17:59:27.037159+00
6	pbkdf2_sha256$870000$59KjKxNzY95Gc3uX7mnRly$XWgBy9putT7SbMglMYcgtaRobPtFmuRKJXLLVIzl7QA=	\N	f	root				f	t	2025-05-05 15:49:24.211614+00
8	pbkdf2_sha256$870000$WFeZG22lBmvxOGeZwhhHXM$n3j/DewACuHtHSS9PGpktN0jlSYu0Bj84xu7lEQToFw=	\N	f	toor				t	t	2025-05-05 19:55:59.757597+00
9	pbkdf2_sha256$870000$kPP8NSreHtsB9pO0pukr1E$ZCmvKDb6s6FTu/RMc0omJRU7B8NcK2lTJbwYzAzb8KE=	\N	f	user				f	t	2025-05-07 12:55:27.776271+00
10	pbkdf2_sha256$870000$FGKH7zDpij7j9DOAKfIXJE$es73GkgMqaCdAHtAntw2pzrWTZ26qNfxfiBHBzqI8kI=	\N	f	usuario_matriz				f	t	2025-05-16 19:51:56.597011+00
11	pbkdf2_sha256$870000$kjtiH8njzGGSq7HEGdGBsQ$B59DOL9czSdV5WuYjI3iYs8gdyal6Sn3kJBZ64vFsEc=	\N	f	usuario_filial				f	t	2025-05-16 19:55:02.397574+00
13	pbkdf2_sha256$870000$r32woCyfEExVax6152mhXX$I9deAGrVLSyXpKu7mN8vPW+mVzLj1N7/UWYXXjjNcdI=	\N	f	usuario2				f	t	2025-05-26 20:29:19.774002+00
7	pbkdf2_sha256$870000$NlbVJYBOQvqXxScoXJ3gwC$XL2/lcLuCbZhKCPmOkG++kqaxZZgocuRipD/4Sn4uxw=	\N	f	adm				f	t	2025-05-05 19:05:46.921852+00
12	pbkdf2_sha256$870000$RJr5TQP5IxLCOiplBwYHhc$UE885acPJB+iFXW9P8PWiQXWjjllmpRUMo5TS6+s1d0=	\N	f	newsuperuser1				t	t	2025-05-26 20:26:37.230779+00
14	pbkdf2_sha256$870000$bYitRlrzAKou74EN7LbbiD$Um9GhM9lOG5iQ3dp1v5nhPj2uUKIp9yx1X2F10VeZxI=	\N	f	newsuperuser2				t	t	2025-05-27 00:28:46.697007+00
15		\N	f	superuserold				f	t	2025-05-29 15:34:23.79938+00
16		\N	f	newsuperuserold				f	t	2025-05-29 16:09:04.876375+00
17	pbkdf2_sha256$870000$eFsXwydvmg5FClxQR5bl93$OOL4hRsqgczKRjD+Ddcg4GraIRDOH00vMaKT5ZlzY5g=	\N	f	superuser				t	t	2025-05-29 16:19:35.404023+00
\.


--
-- Data for Name: auth_user_groups; Type: TABLE DATA; Schema: public; Owner: multipla
--

COPY public.auth_user_groups (id, user_id, group_id) FROM stdin;
\.


--
-- Data for Name: auth_user_user_permissions; Type: TABLE DATA; Schema: public; Owner: multipla
--

COPY public.auth_user_user_permissions (id, user_id, permission_id) FROM stdin;
\.


--
-- Data for Name: authtoken_token; Type: TABLE DATA; Schema: public; Owner: multipla
--

COPY public.authtoken_token (key, created, user_id) FROM stdin;
\.


--
-- Data for Name: clientes_cliente; Type: TABLE DATA; Schema: public; Owner: multipla
--

COPY public.clientes_cliente (id, nome, cpf_cnpj, endereco, cidade, estado, cep, telefone, email, is_active, empresa_id) FROM stdin;
2	HMB	01011010101	av teste	Goiania	GO	74000-000	(62) 99999-9999	hmb@gmail.com	t	1
1	Cliente Teste	101525545555	av teste teste	GOIÂNIA	GO	77777-777	(62) 99999-9999	clienteteste@mail.com	f	1
3	HEF	22222222222222	RUA TESTE	teste	GO	73000-000	(99) 99999-9999	TESTE@MULTIPLA.TEC.BR	t	1
4	GUARDIA	313131313213131	DADADADA	SDADDASDA	DF	34242-424	(42) 42424-243_	leonardo@multipla.tec.br	t	1
5	BUMP	342342424242	DASDADADASD	EQEADSADADSASD	CE	42432-423	(42) 42424-2342	admin@multipla.tec.br	t	1
6	DALU	4342435345353534	DADADASD	EQEADSADADSASD	CE	42432-423	(42) 42424-2342	admin@admin.com	t	1
8	Cliente Matriz	11.111.111/0001-11	Rua A, 123	São Paulo	SP	01001-000	(11) 99999-0000	matriz@exemplo.com	t	1
9	CliFilial5	12.221.111/0001-11	Rua B, 120	São Paulo	SP	01001-010	(11) 99999-9000	filial@exemplo.com	t	1
10	Cliente Matriz Teste	00000000000	Rua Exemplo, 1	São Paulo	SP	01000-000	111111111	matriz@teste.com	t	1
14	Cliente Filial Teste	11111111100	Avenida Exemplo, 3	São Paulo	SP	01000-001	222222222	filial@teste.com	t	1
15	C1 Matriz	000			SP				t	1
19	C2 Filial1	111			SP			email@mail.com	t	1
\.


--
-- Data for Name: contas_pagar_contaapagar; Type: TABLE DATA; Schema: public; Owner: multipla
--

COPY public.contas_pagar_contaapagar (id, status, data_pagamento, competencia, valor_total, is_active, diferenca, justificativa_diferenca, centro_custo_id, conta_financeira_id, contrato_id, forma_pagamento_id, filial_id) FROM stdin;
2	pendente	2025-02-08	2025-02-01	100.00	t	0.00		1	1	3	1	1
3	pago	2025-04-10	2025-03-01	100.00	t	0.00		1	2	3	1	1
4	pago	2025-04-17	2025-04-01	2500.00	t	0.00		3	5	17	1	1
1	pendente	2025-01-08	2025-01-01	200.00	f	100.00	motivo teste	1	1	3	1	1
\.


--
-- Data for Name: contas_pagar_contaareceber; Type: TABLE DATA; Schema: public; Owner: multipla
--

COPY public.contas_pagar_contaareceber (id, status, data_recebimento, competencia, valor_total, is_active, diferenca, justificativa_diferenca, centro_custo_id, conta_financeira_id, contrato_id, forma_pagamento_id, filial_id) FROM stdin;
1	pendente	2025-01-05	2025-01-01	1000.00	t	0.00	\N	1	1	1	1	1
2	pendente	2025-02-05	2025-02-01	999.00	t	-1.00	teste diferença negativa	1	1	1	1	1
3	pendente	2025-03-05	2025-03-01	1000.00	t	0.00		1	1	1	1	1
4	recebido	2025-04-11	2025-03-01	100.00	t	0.00		1	2	2	1	1
5	recebido	2025-04-04	2025-04-01	1000.00	t	0.00		1	1	1	1	1
6	recebido	2025-04-17	2025-04-01	10000.00	t	0.00		2	4	16	1	1
7	pendente	2025-02-01	2025-02-01	5000.00	t	0.00		1	1	18	2	1
\.


--
-- Data for Name: contas_pagar_contapagaravulso; Type: TABLE DATA; Schema: public; Owner: multipla
--

COPY public.contas_pagar_contapagaravulso (id, tipo_pagador, descricao, valor, data_pagamento, competencia, is_active, status, centro_custo_id, conta_financeira_id, fornecedor_id, funcionario_id, filial_id) FROM stdin;
1	fornecedor	COMPRA DE COMPUTADOR RESERVA	1100.00	2025-04-28	03/2025	t	pago	1	4	3	\N	1
2	fornecedor	PAGAMENTO DE VIAGEM	4999.00	2025-04-28	03/2025	t	pendente	1	1	4	\N	1
\.


--
-- Data for Name: contas_pagar_contapagaravulso_projetos; Type: TABLE DATA; Schema: public; Owner: multipla
--

COPY public.contas_pagar_contapagaravulso_projetos (id, contapagaravulso_id, projeto_id) FROM stdin;
1	1	4
2	1	1
3	2	4
\.


--
-- Data for Name: contas_pagar_contareceberavulso; Type: TABLE DATA; Schema: public; Owner: multipla
--

COPY public.contas_pagar_contareceberavulso (id, descricao, valor, data_recebimento, competencia, is_active, status, centro_custo_id, cliente_id, conta_financeira_id, filial_id) FROM stdin;
1	RECEBIMENTO VISITA	1000.00	2025-04-28	03/2025	t	recebido	2	2	5	1
\.


--
-- Data for Name: contas_pagar_contareceberavulso_projetos; Type: TABLE DATA; Schema: public; Owner: multipla
--

COPY public.contas_pagar_contareceberavulso_projetos (id, contareceberavulso_id, projeto_id) FROM stdin;
1	1	4
\.


--
-- Data for Name: contas_pagar_projetoconta; Type: TABLE DATA; Schema: public; Owner: multipla
--

COPY public.contas_pagar_projetoconta (id, valor, conta_id, projeto_id) FROM stdin;
1	1000.00	1	4
\.


--
-- Data for Name: contas_pagar_projetocontapagar; Type: TABLE DATA; Schema: public; Owner: multipla
--

COPY public.contas_pagar_projetocontapagar (id, valor, conta_id, projeto_id) FROM stdin;
1	1000.00	1	4
2	100.00	1	1
3	4999.00	2	4
\.


--
-- Data for Name: contratos_contrato; Type: TABLE DATA; Schema: public; Owner: multipla
--

COPY public.contratos_contrato (id, valor_parcela, periodicidade_vencimento, data_primeiro_vencimento, numero, descricao, data_inicio, data_termino, valor_total, status, tipo, arquivo, is_deleted, confirmado, cliente_id, fornecedor_id, funcionario_id, horizonte_projecao, filial_id) FROM stdin;
1	1000.00	mensal	2025-01-05	CTR001	TESTE DESC	2025-01-01	\N	6000.00	andamento	cliente		f	f	1	\N	\N	\N	1
2	100.00	mensal	2025-01-15	CTR002	teste projeçao no models	2025-01-01	\N	400.00	andamento	cliente		f	f	1	\N	\N	\N	1
3	100.00	mensal	2025-01-08	CTR003	teset persistencia hor_proj	2025-01-01	\N	500.00	andamento	fornecedor		f	f	\N	1	\N	5	1
4	100.00	mensal	2025-01-05	CTR-2025/01	Novo Contrato de desenvolvimento	2025-01-01	2025-12-31	1200.00	andamento	fornecedor		f	f	\N	1	\N	\N	1
6	100.00	mensal	2025-01-05	CTR-T201	Novo Contrato de desenvolvimento	2025-01-01	2025-12-31	1200.00	andamento	fornecedor	contratos/contr_teste.pdf	f	f	\N	1	\N	\N	1
7	100.00	mensal	2025-01-02	CTR004	teste upload	2025-01-01	2025-03-30	300.00	andamento	cliente		f	f	1	\N	\N	\N	1
10	100.00	mensal	2025-01-14	CTR-006	test upload	2025-01-01	2025-08-30	800.00	andamento	fornecedor		f	f	\N	1	\N	\N	1
11	1000.00	mensal	2025-02-02	CTR007	return id	2025-02-01	2025-05-30	4000.00	andamento	fornecedor		f	f	\N	1	\N	\N	1
12	100.00	mensal	2025-01-28	CTR008	teste capt id	2025-01-01	\N	600.00	andamento	cliente		f	f	1	\N	\N	6	1
13	1000.00	mensal	2025-01-06	CTR009	nono teste id	2025-01-01	2025-07-30	7000.00	andamento	cliente		f	f	1	\N	\N	\N	1
9	100.00	mensal	2025-01-02	CTR005	teste upload.,	2025-01-01	2025-03-30	300.00	andamento	cliente		f	f	1	\N	\N	\N	1
16	10000.00	mensal	2025-04-17	HMB_034_2024	CONTRATO HMB	2025-04-01	\N	120000.00	andamento	cliente	contratos/30150625-criacao-de-pdf-a_LvA0X1x.pdf	f	f	2	\N	\N	12	1
17	2500.00	mensal	2025-04-17	CTR-RH	CONTRATO GABRIELA	2025-04-01	\N	30000.00	andamento	fornecedor		f	f	\N	2	\N	12	1
15	1000.00	mensal	2025-05-11	teste n	teste n	2025-04-11	\N	10000.00	andamento	cliente		t	f	1	\N	\N	10	1
14	100.00	mensal	2025-02-05	CTR010	tste nginx	2025-02-01	2025-04-30	300.00	andamento	fornecedor	contratos/30150625-criacao-de-pdf-a_R18YI6L.pdf	t	f	\N	1	\N	\N	1
18	5000.00	mensal	2025-02-01	Teste 5	teste	2025-01-01	2025-07-01	30000.00	andamento	cliente		f	f	3	\N	\N	6	1
19	1000.00	mensal	2025-01-01	GUARDIA	GUARDIA	2025-01-01	2025-10-30	10000.00	andamento	cliente		f	f	4	\N	\N	\N	1
20	1000.00	mensal	2026-01-01	BUMP	BUMP	2025-01-01	\N	10000.00	andamento	cliente		f	f	5	\N	\N	10	1
21	1000.00	mensal	2025-01-01	DALU	DALU	2025-01-01	\N	10000.00	andamento	cliente		f	f	6	\N	\N	10	1
22	1500.00	mensal	2025-01-01	GABRIEL	GABRIEL	2025-01-01	\N	15000.00	andamento	fornecedor		f	f	\N	5	\N	10	1
\.


--
-- Data for Name: contratos_contratoprojeto; Type: TABLE DATA; Schema: public; Owner: multipla
--

COPY public.contratos_contratoprojeto (id, valor_projeto, contrato_id, projeto_id) FROM stdin;
1	6000.00	1	1
2	400.00	2	1
3	500.00	3	1
4	1200.00	4	1
5	1200.00	6	1
6	300.00	7	1
7	300.00	9	1
8	800.00	10	1
9	4000.00	11	1
10	600.00	12	1
11	7000.00	13	1
12	300.00	14	1
13	10000.00	15	3
14	120000.00	16	4
15	30000.00	17	4
16	30000.00	18	5
17	10000.00	19	3
18	10000.00	20	7
19	10000.00	21	8
20	7500.00	22	6
21	3000.00	22	8
22	4500.00	22	7
\.


--
-- Data for Name: contratos_projecaofaturamento; Type: TABLE DATA; Schema: public; Owner: multipla
--

COPY public.contratos_projecaofaturamento (id, data_vencimento, valor_parcela, pago, contrato_id) FROM stdin;
5	2025-05-05	1000.00	f	1
6	2025-06-05	1000.00	f	1
7	2025-01-15	100.00	f	2
8	2025-02-15	100.00	f	2
9	2025-03-15	100.00	f	2
10	2025-04-15	100.00	f	2
13	2025-03-08	100.00	f	3
15	2025-05-08	100.00	f	3
1	2025-01-05	1000.00	t	1
11	2025-01-08	100.00	t	3
2	2025-02-05	1000.00	t	1
12	2025-02-08	100.00	t	3
3	2025-03-05	1000.00	t	1
16	2025-01-05	100.00	f	4
17	2025-02-05	100.00	f	4
18	2025-03-05	100.00	f	4
19	2025-04-05	100.00	f	4
20	2025-05-05	100.00	f	4
21	2025-06-05	100.00	f	4
22	2025-07-05	100.00	f	4
23	2025-08-05	100.00	f	4
24	2025-09-05	100.00	f	4
25	2025-10-05	100.00	f	4
26	2025-11-05	100.00	f	4
27	2025-12-05	100.00	f	4
28	2025-01-05	100.00	f	6
29	2025-02-05	100.00	f	6
30	2025-03-05	100.00	f	6
31	2025-04-05	100.00	f	6
32	2025-05-05	100.00	f	6
33	2025-06-05	100.00	f	6
34	2025-07-05	100.00	f	6
35	2025-08-05	100.00	f	6
36	2025-09-05	100.00	f	6
37	2025-10-05	100.00	f	6
38	2025-11-05	100.00	f	6
39	2025-12-05	100.00	f	6
40	2025-01-02	100.00	f	7
41	2025-02-02	100.00	f	7
42	2025-03-02	100.00	f	7
43	2025-01-02	100.00	f	9
44	2025-02-02	100.00	f	9
45	2025-03-02	100.00	f	9
46	2025-01-14	100.00	f	10
47	2025-02-14	100.00	f	10
48	2025-03-14	100.00	f	10
49	2025-04-14	100.00	f	10
50	2025-05-14	100.00	f	10
51	2025-06-14	100.00	f	10
52	2025-07-14	100.00	f	10
53	2025-08-14	100.00	f	10
54	2025-02-02	1000.00	f	11
55	2025-03-02	1000.00	f	11
56	2025-04-02	1000.00	f	11
57	2025-05-02	1000.00	f	11
58	2025-01-28	100.00	f	12
59	2025-02-28	100.00	f	12
60	2025-03-28	100.00	f	12
61	2025-04-28	100.00	f	12
62	2025-05-28	100.00	f	12
63	2025-06-28	100.00	f	12
64	2025-01-06	1000.00	f	13
65	2025-02-06	1000.00	f	13
66	2025-03-06	1000.00	f	13
67	2025-04-06	1000.00	f	13
68	2025-05-06	1000.00	f	13
69	2025-06-06	1000.00	f	13
70	2025-07-06	1000.00	f	13
71	2025-02-05	100.00	f	14
72	2025-03-05	100.00	f	14
73	2025-04-05	100.00	f	14
14	2025-04-08	100.00	t	3
4	2025-04-05	1000.00	t	1
74	2025-05-11	1000.00	f	15
75	2025-06-11	1000.00	f	15
76	2025-07-11	1000.00	f	15
77	2025-08-11	1000.00	f	15
78	2025-09-11	1000.00	f	15
79	2025-10-11	1000.00	f	15
80	2025-11-11	1000.00	f	15
81	2025-12-11	1000.00	f	15
82	2026-01-11	1000.00	f	15
83	2026-02-11	1000.00	f	15
85	2025-05-17	10000.00	f	16
86	2025-06-17	10000.00	f	16
87	2025-07-17	10000.00	f	16
88	2025-08-17	10000.00	f	16
89	2025-09-17	10000.00	f	16
90	2025-10-17	10000.00	f	16
91	2025-11-17	10000.00	f	16
92	2025-12-17	10000.00	f	16
93	2026-01-17	10000.00	f	16
94	2026-02-17	10000.00	f	16
95	2026-03-17	10000.00	f	16
97	2025-05-17	2500.00	f	17
98	2025-06-17	2500.00	f	17
99	2025-07-17	2500.00	f	17
100	2025-08-17	2500.00	f	17
101	2025-09-17	2500.00	f	17
102	2025-10-17	2500.00	f	17
103	2025-11-17	2500.00	f	17
104	2025-12-17	2500.00	f	17
105	2026-01-17	2500.00	f	17
106	2026-02-17	2500.00	f	17
107	2026-03-17	2500.00	f	17
108	2025-02-01	5000.00	t	18
114	2025-01-01	1000.00	f	19
84	2025-04-17	10000.00	t	16
96	2025-04-17	2500.00	t	17
109	2025-03-01	5000.00	f	18
110	2025-04-01	5000.00	f	18
111	2025-05-01	5000.00	f	18
112	2025-06-01	5000.00	f	18
113	2025-07-01	5000.00	f	18
115	2025-02-01	1000.00	f	19
116	2025-03-01	1000.00	f	19
117	2025-04-01	1000.00	f	19
118	2025-05-01	1000.00	f	19
119	2025-06-01	1000.00	f	19
120	2025-07-01	1000.00	f	19
121	2025-08-01	1000.00	f	19
122	2025-09-01	1000.00	f	19
123	2025-10-01	1000.00	f	19
124	2026-01-01	1000.00	f	20
125	2026-02-01	1000.00	f	20
126	2026-03-01	1000.00	f	20
127	2026-04-01	1000.00	f	20
128	2026-05-01	1000.00	f	20
129	2026-06-01	1000.00	f	20
130	2026-07-01	1000.00	f	20
131	2026-08-01	1000.00	f	20
132	2026-09-01	1000.00	f	20
133	2026-10-01	1000.00	f	20
134	2025-01-01	1000.00	f	21
135	2025-02-01	1000.00	f	21
136	2025-03-01	1000.00	f	21
137	2025-04-01	1000.00	f	21
138	2025-05-01	1000.00	f	21
139	2025-06-01	1000.00	f	21
140	2025-07-01	1000.00	f	21
141	2025-08-01	1000.00	f	21
142	2025-09-01	1000.00	f	21
143	2025-10-01	1000.00	f	21
144	2025-01-01	1500.00	f	22
145	2025-02-01	1500.00	f	22
146	2025-03-01	1500.00	f	22
147	2025-04-01	1500.00	f	22
148	2025-05-01	1500.00	f	22
149	2025-06-01	1500.00	f	22
150	2025-07-01	1500.00	f	22
151	2025-08-01	1500.00	f	22
152	2025-09-01	1500.00	f	22
153	2025-10-01	1500.00	f	22
\.


--
-- Data for Name: django_admin_log; Type: TABLE DATA; Schema: public; Owner: multipla
--

COPY public.django_admin_log (id, action_time, object_id, object_repr, action_flag, change_message, content_type_id, user_id) FROM stdin;
\.


--
-- Data for Name: django_content_type; Type: TABLE DATA; Schema: public; Owner: multipla
--

COPY public.django_content_type (id, app_label, model) FROM stdin;
1	admin	logentry
2	auth	permission
3	auth	group
4	auth	user
5	contenttypes	contenttype
6	sessions	session
7	authtoken	token
8	authtoken	tokenproxy
9	fornecedores	fornecedor
10	clientes	cliente
11	contratos	contrato
12	contratos	projecaofaturamento
13	contratos	contratoprojeto
14	projetos	projeto
15	pagamentos	formapagamento
16	contas_pagar	contaapagar
17	contas_pagar	contaareceber
18	contas_pagar	contapagaravulso
19	contas_pagar	contareceberavulso
20	contas_pagar	projetoconta
21	contas_pagar	projetocontapagar
22	usuarios	perfilusuario
23	empresas	empresa
24	empresas	filial
25	financeiro	centrocusto
26	financeiro	contafinanceira
27	funcionarios	funcionario
\.


--
-- Data for Name: django_migrations; Type: TABLE DATA; Schema: public; Owner: multipla
--

COPY public.django_migrations (id, app, name, applied) FROM stdin;
\.


--
-- Data for Name: django_session; Type: TABLE DATA; Schema: public; Owner: multipla
--

COPY public.django_session (session_key, session_data, expire_date) FROM stdin;
\.


--
-- Data for Name: empresas_empresa; Type: TABLE DATA; Schema: public; Owner: multipla
--

COPY public.empresas_empresa (id, nome, cnpj, endereco_matriz, cidade, estado, cep, telefone, email) FROM stdin;
1	Soares Solucoes Tecn	42.804.612/0001-87	Rua Hm8	Goiania	GO	74573394	(11) 99999-9999	contato@exemplo.com
6	Empresa Teste 2	12.345.678/0001-99	Rua Exemplo, 123	São Paulo	SP	01001-000	(11) 1234-5678	contato2@teste.com
10	Tenant A Ltda	15.445.678/0001-00	Rua Alpha, 100	São Paulo	SP	01001-000	1122223333	contato@tenant-a.com
11	Tenant B S/A	98.765.432/0001-99	Av. Beta, 200	Rio de Janeiro	RJ	20010-020	2133334444	contato@tenant-b.com
\.


--
-- Data for Name: empresas_filial; Type: TABLE DATA; Schema: public; Owner: multipla
--

COPY public.empresas_filial (id, nome, endereco, cidade, estado, cep, telefone, email, empresa_id) FROM stdin;
1	Minha Filial X	Rua Teste, 123	São Paulo	SP	01000-000	(11)99999-0000	filial@teste.com	1
\.


--
-- Data for Name: financeiro_centrocusto; Type: TABLE DATA; Schema: public; Owner: multipla
--

COPY public.financeiro_centrocusto (id, descricao, mascara_centro_custo, is_active, filial_id) FROM stdin;
1	operacional	001	t	1
2	VENDA DE CONTRATOS	002	t	1
3	CUSTOS COM RH	003	t	1
\.


--
-- Data for Name: financeiro_contafinanceira; Type: TABLE DATA; Schema: public; Owner: multipla
--

COPY public.financeiro_contafinanceira (id, mascara_conta, descricao, is_active, filial_id) FROM stdin;
1	1.11.111.1111	admin	t	1
2	1.11.111.1112	teste ord	t	1
3	1.11.111.1113	teste filtro	t	1
4	1.11.111.1114	CONTRATO HMB OUTSOURCING	t	1
5	1.11.111.1115	GABRIELA	t	1
\.


--
-- Data for Name: fornecedores_fornecedor; Type: TABLE DATA; Schema: public; Owner: multipla
--

COPY public.fornecedores_fornecedor (id, nome, cpf_cnpj, endereco, cidade, estado, cep, telefone, email, is_active, empresa_id) FROM stdin;
2	GABRIELA RH	06000660664	av teste teste	Goiania	GO	77777-777	(62) 00225-2555	gabriela@mail.com	t	1
1	Func Teste	01706503168	av teste teste	GOIÂNIA	AC	74000-000	(62) 00225-2555	email@mail.com	f	1
3	TARLEN TESTE	9999999999	RUA TESTE	TESTE	GO	73000-000	(99) 99999-9999	tarllen@multipla.tec.br	t	1
4	LEONARDO SOARES DA SILVA	00908942389790	DADADAD	ADADADADAD	AC	53535-435	(35) 35353-5353	admin@multipla.tec.br	t	1
5	GABRIEL TÉCNICO	00908942389790767	DADADAD	ADADADADAD	AC	53535-435	(35) 35353-5353	gestao.ti@mediallbrasil.med.br	t	1
6	Fornecedor Ten SA	\N	Rua Dez, 100	Salvador	BA	40010-000	7133334444	contato@fornten.com	t	10
7	Fornecedor Eleven Ltda	\N	Av. Onze, 200	Fortaleza	CE	60010-000	8533335555	vendas@fornell.com	t	11
\.


--
-- Data for Name: funcionarios_funcionario; Type: TABLE DATA; Schema: public; Owner: multipla
--

COPY public.funcionarios_funcionario (id, cpf, nome_completo, data_nascimento, sexo, nacionalidade, endereco, numero, bairro, cidade, estado, cep, estado_civil, grau_instrucao, data_admissao, matricula, cargo_funcao, tipo_contrato, jornada_trabalho, categoria, salario, forma_pagamento, is_active, filial_id) FROM stdin;
1	999.999.999-99	nome teste	2002-01-01	M	Brasileira	av teste teste	00	Setor Teste	Tokyo	AL	00000-000	S	FI	2025-01-01	5348452	Assistente DP	C	44 horas semanais	TEC	2500.00	D	f	1
2	888.888.888-88	teste	2000-01-01	M	Brasileira	teste	1	teste	teste	DF	73200-000	S	SC	2025-04-25	100	ti	C	44 horas semanais	TEC	3000.00	P	t	1
\.


--
-- Data for Name: pagamentos_formapagamento; Type: TABLE DATA; Schema: public; Owner: multipla
--

COPY public.pagamentos_formapagamento (id, descricao, tipo, is_active, filial_id) FROM stdin;
1	Dinheiro	dinheiro	t	1
2	Pix	pix	t	1
\.


--
-- Data for Name: projetos_projeto; Type: TABLE DATA; Schema: public; Owner: multipla
--

COPY public.projetos_projeto (id, nome, descricao, data_inicio, data_termino, status, is_active, filial_id) FROM stdin;
1	HETRIN	PROJETO HETRIN	2025-01-01	2025-12-31	andamento	t	1
2	PROJ PRAZ INDET.	PROJETO PRAZO INDETERMINADO	2025-01-01	\N	andamento	t	1
3	Teste novo	teste novo	2025-04-11	\N	andamento	t	1
4	HMB	INFRAESTRUTURA GERAL	2025-04-01	\N	andamento	t	1
5	teste 3	teste	2025-01-25	\N	andamento	t	1
6	GUARDIA	DUARDIA	2025-04-01	\N	andamento	t	1
7	BUMP	BUMP	2025-04-01	\N	andamento	t	1
8	DALU	DALU	2025-04-28	\N	andamento	t	1
\.


--
-- Data for Name: usuarios_perfilusuario; Type: TABLE DATA; Schema: public; Owner: multipla
--

COPY public.usuarios_perfilusuario (id, email, user_id, empresa_padrao_id) FROM stdin;
1	joao@acme.com	2	1
3	u1@e1.com	4	1
4	u2@e2.com	5	1
5	root@soares.tec.br	6	1
6	admin@seu-dominio.com	7	1
7	admin@soares.com	8	1
8	user-soares@email.com	9	1
9	matriz@example.com	10	1
10	filial@example.com	11	1
11	super2@empresa1.com	14	1
12	super@dominio.com	17	1
\.


--
-- Data for Name: usuarios_perfilusuario_empresas_acessiveis; Type: TABLE DATA; Schema: public; Owner: multipla
--

COPY public.usuarios_perfilusuario_empresas_acessiveis (id, perfilusuario_id, empresa_id) FROM stdin;
1	11	1
2	11	6
3	12	1
4	12	10
5	12	11
\.


--
-- Name: auth_group_id_seq; Type: SEQUENCE SET; Schema: public; Owner: multipla
--

SELECT pg_catalog.setval('public.auth_group_id_seq', 1, false);


--
-- Name: auth_group_permissions_id_seq; Type: SEQUENCE SET; Schema: public; Owner: multipla
--

SELECT pg_catalog.setval('public.auth_group_permissions_id_seq', 1, false);


--
-- Name: auth_permission_id_seq; Type: SEQUENCE SET; Schema: public; Owner: multipla
--

SELECT pg_catalog.setval('public.auth_permission_id_seq', 108, true);


--
-- Name: auth_user_groups_id_seq; Type: SEQUENCE SET; Schema: public; Owner: multipla
--

SELECT pg_catalog.setval('public.auth_user_groups_id_seq', 1, false);


--
-- Name: auth_user_id_seq; Type: SEQUENCE SET; Schema: public; Owner: multipla
--

SELECT pg_catalog.setval('public.auth_user_id_seq', 17, true);


--
-- Name: auth_user_user_permissions_id_seq; Type: SEQUENCE SET; Schema: public; Owner: multipla
--

SELECT pg_catalog.setval('public.auth_user_user_permissions_id_seq', 1, false);


--
-- Name: clientes_cliente_id_seq; Type: SEQUENCE SET; Schema: public; Owner: multipla
--

SELECT pg_catalog.setval('public.clientes_cliente_id_seq', 19, true);


--
-- Name: contas_pagar_contaapagar_id_seq; Type: SEQUENCE SET; Schema: public; Owner: multipla
--

SELECT pg_catalog.setval('public.contas_pagar_contaapagar_id_seq', 4, true);


--
-- Name: contas_pagar_contaareceber_id_seq; Type: SEQUENCE SET; Schema: public; Owner: multipla
--

SELECT pg_catalog.setval('public.contas_pagar_contaareceber_id_seq', 7, true);


--
-- Name: contas_pagar_contapagaravulso_id_seq; Type: SEQUENCE SET; Schema: public; Owner: multipla
--

SELECT pg_catalog.setval('public.contas_pagar_contapagaravulso_id_seq', 2, true);


--
-- Name: contas_pagar_contapagaravulso_projetos_id_seq; Type: SEQUENCE SET; Schema: public; Owner: multipla
--

SELECT pg_catalog.setval('public.contas_pagar_contapagaravulso_projetos_id_seq', 3, true);


--
-- Name: contas_pagar_contareceberavulso_id_seq; Type: SEQUENCE SET; Schema: public; Owner: multipla
--

SELECT pg_catalog.setval('public.contas_pagar_contareceberavulso_id_seq', 1, true);


--
-- Name: contas_pagar_contareceberavulso_projetos_id_seq; Type: SEQUENCE SET; Schema: public; Owner: multipla
--

SELECT pg_catalog.setval('public.contas_pagar_contareceberavulso_projetos_id_seq', 1, true);


--
-- Name: contas_pagar_projetoconta_id_seq; Type: SEQUENCE SET; Schema: public; Owner: multipla
--

SELECT pg_catalog.setval('public.contas_pagar_projetoconta_id_seq', 1, true);


--
-- Name: contas_pagar_projetocontapagar_id_seq; Type: SEQUENCE SET; Schema: public; Owner: multipla
--

SELECT pg_catalog.setval('public.contas_pagar_projetocontapagar_id_seq', 3, true);


--
-- Name: contratos_contrato_id_seq; Type: SEQUENCE SET; Schema: public; Owner: multipla
--

SELECT pg_catalog.setval('public.contratos_contrato_id_seq', 22, true);


--
-- Name: contratos_contratoprojeto_id_seq; Type: SEQUENCE SET; Schema: public; Owner: multipla
--

SELECT pg_catalog.setval('public.contratos_contratoprojeto_id_seq', 22, true);


--
-- Name: contratos_projecaofaturamento_id_seq; Type: SEQUENCE SET; Schema: public; Owner: multipla
--

SELECT pg_catalog.setval('public.contratos_projecaofaturamento_id_seq', 153, true);


--
-- Name: django_admin_log_id_seq; Type: SEQUENCE SET; Schema: public; Owner: multipla
--

SELECT pg_catalog.setval('public.django_admin_log_id_seq', 1, false);


--
-- Name: django_content_type_id_seq; Type: SEQUENCE SET; Schema: public; Owner: multipla
--

SELECT pg_catalog.setval('public.django_content_type_id_seq', 27, true);


--
-- Name: django_migrations_id_seq; Type: SEQUENCE SET; Schema: public; Owner: multipla
--

SELECT pg_catalog.setval('public.django_migrations_id_seq', 68, true);


--
-- Name: empresas_empresa_id_seq; Type: SEQUENCE SET; Schema: public; Owner: multipla
--

SELECT pg_catalog.setval('public.empresas_empresa_id_seq', 11, true);


--
-- Name: empresas_filial_id_seq; Type: SEQUENCE SET; Schema: public; Owner: multipla
--

SELECT pg_catalog.setval('public.empresas_filial_id_seq', 1, true);


--
-- Name: financeiro_centrocusto_id_seq; Type: SEQUENCE SET; Schema: public; Owner: multipla
--

SELECT pg_catalog.setval('public.financeiro_centrocusto_id_seq', 3, true);


--
-- Name: financeiro_contafinanceira_id_seq; Type: SEQUENCE SET; Schema: public; Owner: multipla
--

SELECT pg_catalog.setval('public.financeiro_contafinanceira_id_seq', 5, true);


--
-- Name: fornecedores_fornecedor_id_seq; Type: SEQUENCE SET; Schema: public; Owner: multipla
--

SELECT pg_catalog.setval('public.fornecedores_fornecedor_id_seq', 7, true);


--
-- Name: funcionarios_funcionario_id_seq; Type: SEQUENCE SET; Schema: public; Owner: multipla
--

SELECT pg_catalog.setval('public.funcionarios_funcionario_id_seq', 2, true);


--
-- Name: pagamentos_formapagamento_id_seq; Type: SEQUENCE SET; Schema: public; Owner: multipla
--

SELECT pg_catalog.setval('public.pagamentos_formapagamento_id_seq', 2, true);


--
-- Name: projetos_projeto_id_seq; Type: SEQUENCE SET; Schema: public; Owner: multipla
--

SELECT pg_catalog.setval('public.projetos_projeto_id_seq', 8, true);


--
-- Name: usuarios_perfilusuario_empresas_acessiveis_id_seq; Type: SEQUENCE SET; Schema: public; Owner: multipla
--

SELECT pg_catalog.setval('public.usuarios_perfilusuario_empresas_acessiveis_id_seq', 5, true);


--
-- Name: usuarios_perfilusuario_id_seq; Type: SEQUENCE SET; Schema: public; Owner: multipla
--

SELECT pg_catalog.setval('public.usuarios_perfilusuario_id_seq', 12, true);


--
-- Name: auth_group auth_group_name_key; Type: CONSTRAINT; Schema: public; Owner: multipla
--

ALTER TABLE ONLY public.auth_group
    ADD CONSTRAINT auth_group_name_key UNIQUE (name);


--
-- Name: auth_group_permissions auth_group_permissions_group_id_permission_id_0cd325b0_uniq; Type: CONSTRAINT; Schema: public; Owner: multipla
--

ALTER TABLE ONLY public.auth_group_permissions
    ADD CONSTRAINT auth_group_permissions_group_id_permission_id_0cd325b0_uniq UNIQUE (group_id, permission_id);


--
-- Name: auth_group_permissions auth_group_permissions_pkey; Type: CONSTRAINT; Schema: public; Owner: multipla
--

ALTER TABLE ONLY public.auth_group_permissions
    ADD CONSTRAINT auth_group_permissions_pkey PRIMARY KEY (id);


--
-- Name: auth_group auth_group_pkey; Type: CONSTRAINT; Schema: public; Owner: multipla
--

ALTER TABLE ONLY public.auth_group
    ADD CONSTRAINT auth_group_pkey PRIMARY KEY (id);


--
-- Name: auth_permission auth_permission_content_type_id_codename_01ab375a_uniq; Type: CONSTRAINT; Schema: public; Owner: multipla
--

ALTER TABLE ONLY public.auth_permission
    ADD CONSTRAINT auth_permission_content_type_id_codename_01ab375a_uniq UNIQUE (content_type_id, codename);


--
-- Name: auth_permission auth_permission_pkey; Type: CONSTRAINT; Schema: public; Owner: multipla
--

ALTER TABLE ONLY public.auth_permission
    ADD CONSTRAINT auth_permission_pkey PRIMARY KEY (id);


--
-- Name: auth_user_groups auth_user_groups_pkey; Type: CONSTRAINT; Schema: public; Owner: multipla
--

ALTER TABLE ONLY public.auth_user_groups
    ADD CONSTRAINT auth_user_groups_pkey PRIMARY KEY (id);


--
-- Name: auth_user_groups auth_user_groups_user_id_group_id_94350c0c_uniq; Type: CONSTRAINT; Schema: public; Owner: multipla
--

ALTER TABLE ONLY public.auth_user_groups
    ADD CONSTRAINT auth_user_groups_user_id_group_id_94350c0c_uniq UNIQUE (user_id, group_id);


--
-- Name: auth_user auth_user_pkey; Type: CONSTRAINT; Schema: public; Owner: multipla
--

ALTER TABLE ONLY public.auth_user
    ADD CONSTRAINT auth_user_pkey PRIMARY KEY (id);


--
-- Name: auth_user_user_permissions auth_user_user_permissions_pkey; Type: CONSTRAINT; Schema: public; Owner: multipla
--

ALTER TABLE ONLY public.auth_user_user_permissions
    ADD CONSTRAINT auth_user_user_permissions_pkey PRIMARY KEY (id);


--
-- Name: auth_user_user_permissions auth_user_user_permissions_user_id_permission_id_14a6b632_uniq; Type: CONSTRAINT; Schema: public; Owner: multipla
--

ALTER TABLE ONLY public.auth_user_user_permissions
    ADD CONSTRAINT auth_user_user_permissions_user_id_permission_id_14a6b632_uniq UNIQUE (user_id, permission_id);


--
-- Name: auth_user auth_user_username_key; Type: CONSTRAINT; Schema: public; Owner: multipla
--

ALTER TABLE ONLY public.auth_user
    ADD CONSTRAINT auth_user_username_key UNIQUE (username);


--
-- Name: authtoken_token authtoken_token_pkey; Type: CONSTRAINT; Schema: public; Owner: multipla
--

ALTER TABLE ONLY public.authtoken_token
    ADD CONSTRAINT authtoken_token_pkey PRIMARY KEY (key);


--
-- Name: authtoken_token authtoken_token_user_id_key; Type: CONSTRAINT; Schema: public; Owner: multipla
--

ALTER TABLE ONLY public.authtoken_token
    ADD CONSTRAINT authtoken_token_user_id_key UNIQUE (user_id);


--
-- Name: clientes_cliente clientes_cliente_cpf_cnpj_key; Type: CONSTRAINT; Schema: public; Owner: multipla
--

ALTER TABLE ONLY public.clientes_cliente
    ADD CONSTRAINT clientes_cliente_cpf_cnpj_key UNIQUE (cpf_cnpj);


--
-- Name: clientes_cliente clientes_cliente_email_key; Type: CONSTRAINT; Schema: public; Owner: multipla
--

ALTER TABLE ONLY public.clientes_cliente
    ADD CONSTRAINT clientes_cliente_email_key UNIQUE (email);


--
-- Name: clientes_cliente clientes_cliente_pkey; Type: CONSTRAINT; Schema: public; Owner: multipla
--

ALTER TABLE ONLY public.clientes_cliente
    ADD CONSTRAINT clientes_cliente_pkey PRIMARY KEY (id);


--
-- Name: contas_pagar_contaapagar contas_pagar_contaapagar_pkey; Type: CONSTRAINT; Schema: public; Owner: multipla
--

ALTER TABLE ONLY public.contas_pagar_contaapagar
    ADD CONSTRAINT contas_pagar_contaapagar_pkey PRIMARY KEY (id);


--
-- Name: contas_pagar_contaareceber contas_pagar_contaareceber_pkey; Type: CONSTRAINT; Schema: public; Owner: multipla
--

ALTER TABLE ONLY public.contas_pagar_contaareceber
    ADD CONSTRAINT contas_pagar_contaareceber_pkey PRIMARY KEY (id);


--
-- Name: contas_pagar_contapagaravulso_projetos contas_pagar_contapagara_contapagaravulso_id_proj_9371dc95_uniq; Type: CONSTRAINT; Schema: public; Owner: multipla
--

ALTER TABLE ONLY public.contas_pagar_contapagaravulso_projetos
    ADD CONSTRAINT contas_pagar_contapagara_contapagaravulso_id_proj_9371dc95_uniq UNIQUE (contapagaravulso_id, projeto_id);


--
-- Name: contas_pagar_contapagaravulso contas_pagar_contapagaravulso_pkey; Type: CONSTRAINT; Schema: public; Owner: multipla
--

ALTER TABLE ONLY public.contas_pagar_contapagaravulso
    ADD CONSTRAINT contas_pagar_contapagaravulso_pkey PRIMARY KEY (id);


--
-- Name: contas_pagar_contapagaravulso_projetos contas_pagar_contapagaravulso_projetos_pkey; Type: CONSTRAINT; Schema: public; Owner: multipla
--

ALTER TABLE ONLY public.contas_pagar_contapagaravulso_projetos
    ADD CONSTRAINT contas_pagar_contapagaravulso_projetos_pkey PRIMARY KEY (id);


--
-- Name: contas_pagar_contareceberavulso_projetos contas_pagar_contarecebe_contareceberavulso_id_pr_db1dd8a0_uniq; Type: CONSTRAINT; Schema: public; Owner: multipla
--

ALTER TABLE ONLY public.contas_pagar_contareceberavulso_projetos
    ADD CONSTRAINT contas_pagar_contarecebe_contareceberavulso_id_pr_db1dd8a0_uniq UNIQUE (contareceberavulso_id, projeto_id);


--
-- Name: contas_pagar_contareceberavulso contas_pagar_contareceberavulso_pkey; Type: CONSTRAINT; Schema: public; Owner: multipla
--

ALTER TABLE ONLY public.contas_pagar_contareceberavulso
    ADD CONSTRAINT contas_pagar_contareceberavulso_pkey PRIMARY KEY (id);


--
-- Name: contas_pagar_contareceberavulso_projetos contas_pagar_contareceberavulso_projetos_pkey; Type: CONSTRAINT; Schema: public; Owner: multipla
--

ALTER TABLE ONLY public.contas_pagar_contareceberavulso_projetos
    ADD CONSTRAINT contas_pagar_contareceberavulso_projetos_pkey PRIMARY KEY (id);


--
-- Name: contas_pagar_projetoconta contas_pagar_projetoconta_pkey; Type: CONSTRAINT; Schema: public; Owner: multipla
--

ALTER TABLE ONLY public.contas_pagar_projetoconta
    ADD CONSTRAINT contas_pagar_projetoconta_pkey PRIMARY KEY (id);


--
-- Name: contas_pagar_projetocontapagar contas_pagar_projetocontapagar_pkey; Type: CONSTRAINT; Schema: public; Owner: multipla
--

ALTER TABLE ONLY public.contas_pagar_projetocontapagar
    ADD CONSTRAINT contas_pagar_projetocontapagar_pkey PRIMARY KEY (id);


--
-- Name: contratos_contrato contratos_contrato_numero_key; Type: CONSTRAINT; Schema: public; Owner: multipla
--

ALTER TABLE ONLY public.contratos_contrato
    ADD CONSTRAINT contratos_contrato_numero_key UNIQUE (numero);


--
-- Name: contratos_contrato contratos_contrato_pkey; Type: CONSTRAINT; Schema: public; Owner: multipla
--

ALTER TABLE ONLY public.contratos_contrato
    ADD CONSTRAINT contratos_contrato_pkey PRIMARY KEY (id);


--
-- Name: contratos_contratoprojeto contratos_contratoprojeto_contrato_id_projeto_id_70ad4ded_uniq; Type: CONSTRAINT; Schema: public; Owner: multipla
--

ALTER TABLE ONLY public.contratos_contratoprojeto
    ADD CONSTRAINT contratos_contratoprojeto_contrato_id_projeto_id_70ad4ded_uniq UNIQUE (contrato_id, projeto_id);


--
-- Name: contratos_contratoprojeto contratos_contratoprojeto_pkey; Type: CONSTRAINT; Schema: public; Owner: multipla
--

ALTER TABLE ONLY public.contratos_contratoprojeto
    ADD CONSTRAINT contratos_contratoprojeto_pkey PRIMARY KEY (id);


--
-- Name: contratos_projecaofaturamento contratos_projecaofaturamento_pkey; Type: CONSTRAINT; Schema: public; Owner: multipla
--

ALTER TABLE ONLY public.contratos_projecaofaturamento
    ADD CONSTRAINT contratos_projecaofaturamento_pkey PRIMARY KEY (id);


--
-- Name: django_admin_log django_admin_log_pkey; Type: CONSTRAINT; Schema: public; Owner: multipla
--

ALTER TABLE ONLY public.django_admin_log
    ADD CONSTRAINT django_admin_log_pkey PRIMARY KEY (id);


--
-- Name: django_content_type django_content_type_app_label_model_76bd3d3b_uniq; Type: CONSTRAINT; Schema: public; Owner: multipla
--

ALTER TABLE ONLY public.django_content_type
    ADD CONSTRAINT django_content_type_app_label_model_76bd3d3b_uniq UNIQUE (app_label, model);


--
-- Name: django_content_type django_content_type_pkey; Type: CONSTRAINT; Schema: public; Owner: multipla
--

ALTER TABLE ONLY public.django_content_type
    ADD CONSTRAINT django_content_type_pkey PRIMARY KEY (id);


--
-- Name: django_migrations django_migrations_pkey; Type: CONSTRAINT; Schema: public; Owner: multipla
--

ALTER TABLE ONLY public.django_migrations
    ADD CONSTRAINT django_migrations_pkey PRIMARY KEY (id);


--
-- Name: django_session django_session_pkey; Type: CONSTRAINT; Schema: public; Owner: multipla
--

ALTER TABLE ONLY public.django_session
    ADD CONSTRAINT django_session_pkey PRIMARY KEY (session_key);


--
-- Name: empresas_empresa empresas_empresa_cnpj_key; Type: CONSTRAINT; Schema: public; Owner: multipla
--

ALTER TABLE ONLY public.empresas_empresa
    ADD CONSTRAINT empresas_empresa_cnpj_key UNIQUE (cnpj);


--
-- Name: empresas_empresa empresas_empresa_pkey; Type: CONSTRAINT; Schema: public; Owner: multipla
--

ALTER TABLE ONLY public.empresas_empresa
    ADD CONSTRAINT empresas_empresa_pkey PRIMARY KEY (id);


--
-- Name: empresas_filial empresas_filial_pkey; Type: CONSTRAINT; Schema: public; Owner: multipla
--

ALTER TABLE ONLY public.empresas_filial
    ADD CONSTRAINT empresas_filial_pkey PRIMARY KEY (id);


--
-- Name: financeiro_centrocusto financeiro_centrocusto_mascara_centro_custo_key; Type: CONSTRAINT; Schema: public; Owner: multipla
--

ALTER TABLE ONLY public.financeiro_centrocusto
    ADD CONSTRAINT financeiro_centrocusto_mascara_centro_custo_key UNIQUE (mascara_centro_custo);


--
-- Name: financeiro_centrocusto financeiro_centrocusto_pkey; Type: CONSTRAINT; Schema: public; Owner: multipla
--

ALTER TABLE ONLY public.financeiro_centrocusto
    ADD CONSTRAINT financeiro_centrocusto_pkey PRIMARY KEY (id);


--
-- Name: financeiro_contafinanceira financeiro_contafinanceira_mascara_conta_key; Type: CONSTRAINT; Schema: public; Owner: multipla
--

ALTER TABLE ONLY public.financeiro_contafinanceira
    ADD CONSTRAINT financeiro_contafinanceira_mascara_conta_key UNIQUE (mascara_conta);


--
-- Name: financeiro_contafinanceira financeiro_contafinanceira_pkey; Type: CONSTRAINT; Schema: public; Owner: multipla
--

ALTER TABLE ONLY public.financeiro_contafinanceira
    ADD CONSTRAINT financeiro_contafinanceira_pkey PRIMARY KEY (id);


--
-- Name: fornecedores_fornecedor fornecedores_fornecedor_cpf_cnpj_key; Type: CONSTRAINT; Schema: public; Owner: multipla
--

ALTER TABLE ONLY public.fornecedores_fornecedor
    ADD CONSTRAINT fornecedores_fornecedor_cpf_cnpj_key UNIQUE (cpf_cnpj);


--
-- Name: fornecedores_fornecedor fornecedores_fornecedor_email_key; Type: CONSTRAINT; Schema: public; Owner: multipla
--

ALTER TABLE ONLY public.fornecedores_fornecedor
    ADD CONSTRAINT fornecedores_fornecedor_email_key UNIQUE (email);


--
-- Name: fornecedores_fornecedor fornecedores_fornecedor_pkey; Type: CONSTRAINT; Schema: public; Owner: multipla
--

ALTER TABLE ONLY public.fornecedores_fornecedor
    ADD CONSTRAINT fornecedores_fornecedor_pkey PRIMARY KEY (id);


--
-- Name: funcionarios_funcionario funcionarios_funcionario_cpf_key; Type: CONSTRAINT; Schema: public; Owner: multipla
--

ALTER TABLE ONLY public.funcionarios_funcionario
    ADD CONSTRAINT funcionarios_funcionario_cpf_key UNIQUE (cpf);


--
-- Name: funcionarios_funcionario funcionarios_funcionario_matricula_key; Type: CONSTRAINT; Schema: public; Owner: multipla
--

ALTER TABLE ONLY public.funcionarios_funcionario
    ADD CONSTRAINT funcionarios_funcionario_matricula_key UNIQUE (matricula);


--
-- Name: funcionarios_funcionario funcionarios_funcionario_pkey; Type: CONSTRAINT; Schema: public; Owner: multipla
--

ALTER TABLE ONLY public.funcionarios_funcionario
    ADD CONSTRAINT funcionarios_funcionario_pkey PRIMARY KEY (id);


--
-- Name: pagamentos_formapagamento pagamentos_formapagamento_pkey; Type: CONSTRAINT; Schema: public; Owner: multipla
--

ALTER TABLE ONLY public.pagamentos_formapagamento
    ADD CONSTRAINT pagamentos_formapagamento_pkey PRIMARY KEY (id);


--
-- Name: projetos_projeto projetos_projeto_pkey; Type: CONSTRAINT; Schema: public; Owner: multipla
--

ALTER TABLE ONLY public.projetos_projeto
    ADD CONSTRAINT projetos_projeto_pkey PRIMARY KEY (id);


--
-- Name: usuarios_perfilusuario_empresas_acessiveis usuarios_perfilusuario_e_perfilusuario_id_empresa_658d7231_uniq; Type: CONSTRAINT; Schema: public; Owner: multipla
--

ALTER TABLE ONLY public.usuarios_perfilusuario_empresas_acessiveis
    ADD CONSTRAINT usuarios_perfilusuario_e_perfilusuario_id_empresa_658d7231_uniq UNIQUE (perfilusuario_id, empresa_id);


--
-- Name: usuarios_perfilusuario usuarios_perfilusuario_email_key; Type: CONSTRAINT; Schema: public; Owner: multipla
--

ALTER TABLE ONLY public.usuarios_perfilusuario
    ADD CONSTRAINT usuarios_perfilusuario_email_key UNIQUE (email);


--
-- Name: usuarios_perfilusuario_empresas_acessiveis usuarios_perfilusuario_empresas_acessiveis_pkey; Type: CONSTRAINT; Schema: public; Owner: multipla
--

ALTER TABLE ONLY public.usuarios_perfilusuario_empresas_acessiveis
    ADD CONSTRAINT usuarios_perfilusuario_empresas_acessiveis_pkey PRIMARY KEY (id);


--
-- Name: usuarios_perfilusuario usuarios_perfilusuario_pkey; Type: CONSTRAINT; Schema: public; Owner: multipla
--

ALTER TABLE ONLY public.usuarios_perfilusuario
    ADD CONSTRAINT usuarios_perfilusuario_pkey PRIMARY KEY (id);


--
-- Name: usuarios_perfilusuario usuarios_perfilusuario_user_id_key; Type: CONSTRAINT; Schema: public; Owner: multipla
--

ALTER TABLE ONLY public.usuarios_perfilusuario
    ADD CONSTRAINT usuarios_perfilusuario_user_id_key UNIQUE (user_id);


--
-- Name: auth_group_name_a6ea08ec_like; Type: INDEX; Schema: public; Owner: multipla
--

CREATE INDEX auth_group_name_a6ea08ec_like ON public.auth_group USING btree (name varchar_pattern_ops);


--
-- Name: auth_group_permissions_group_id_b120cbf9; Type: INDEX; Schema: public; Owner: multipla
--

CREATE INDEX auth_group_permissions_group_id_b120cbf9 ON public.auth_group_permissions USING btree (group_id);


--
-- Name: auth_group_permissions_permission_id_84c5c92e; Type: INDEX; Schema: public; Owner: multipla
--

CREATE INDEX auth_group_permissions_permission_id_84c5c92e ON public.auth_group_permissions USING btree (permission_id);


--
-- Name: auth_permission_content_type_id_2f476e4b; Type: INDEX; Schema: public; Owner: multipla
--

CREATE INDEX auth_permission_content_type_id_2f476e4b ON public.auth_permission USING btree (content_type_id);


--
-- Name: auth_user_groups_group_id_97559544; Type: INDEX; Schema: public; Owner: multipla
--

CREATE INDEX auth_user_groups_group_id_97559544 ON public.auth_user_groups USING btree (group_id);


--
-- Name: auth_user_groups_user_id_6a12ed8b; Type: INDEX; Schema: public; Owner: multipla
--

CREATE INDEX auth_user_groups_user_id_6a12ed8b ON public.auth_user_groups USING btree (user_id);


--
-- Name: auth_user_user_permissions_permission_id_1fbb5f2c; Type: INDEX; Schema: public; Owner: multipla
--

CREATE INDEX auth_user_user_permissions_permission_id_1fbb5f2c ON public.auth_user_user_permissions USING btree (permission_id);


--
-- Name: auth_user_user_permissions_user_id_a95ead1b; Type: INDEX; Schema: public; Owner: multipla
--

CREATE INDEX auth_user_user_permissions_user_id_a95ead1b ON public.auth_user_user_permissions USING btree (user_id);


--
-- Name: auth_user_username_6821ab7c_like; Type: INDEX; Schema: public; Owner: multipla
--

CREATE INDEX auth_user_username_6821ab7c_like ON public.auth_user USING btree (username varchar_pattern_ops);


--
-- Name: authtoken_token_key_10f0b77e_like; Type: INDEX; Schema: public; Owner: multipla
--

CREATE INDEX authtoken_token_key_10f0b77e_like ON public.authtoken_token USING btree (key varchar_pattern_ops);


--
-- Name: clientes_cliente_cpf_cnpj_6f15b19b_like; Type: INDEX; Schema: public; Owner: multipla
--

CREATE INDEX clientes_cliente_cpf_cnpj_6f15b19b_like ON public.clientes_cliente USING btree (cpf_cnpj varchar_pattern_ops);


--
-- Name: clientes_cliente_email_6ec9cd8a_like; Type: INDEX; Schema: public; Owner: multipla
--

CREATE INDEX clientes_cliente_email_6ec9cd8a_like ON public.clientes_cliente USING btree (email varchar_pattern_ops);


--
-- Name: clientes_cliente_empresa_id_6e2597e2; Type: INDEX; Schema: public; Owner: multipla
--

CREATE INDEX clientes_cliente_empresa_id_6e2597e2 ON public.clientes_cliente USING btree (empresa_id);


--
-- Name: contas_pagar_contaapagar_centro_custo_id_efa11c21; Type: INDEX; Schema: public; Owner: multipla
--

CREATE INDEX contas_pagar_contaapagar_centro_custo_id_efa11c21 ON public.contas_pagar_contaapagar USING btree (centro_custo_id);


--
-- Name: contas_pagar_contaapagar_conta_financeira_id_5962d817; Type: INDEX; Schema: public; Owner: multipla
--

CREATE INDEX contas_pagar_contaapagar_conta_financeira_id_5962d817 ON public.contas_pagar_contaapagar USING btree (conta_financeira_id);


--
-- Name: contas_pagar_contaapagar_contrato_id_dca73451; Type: INDEX; Schema: public; Owner: multipla
--

CREATE INDEX contas_pagar_contaapagar_contrato_id_dca73451 ON public.contas_pagar_contaapagar USING btree (contrato_id);


--
-- Name: contas_pagar_contaapagar_filial_id_5b27ec96; Type: INDEX; Schema: public; Owner: multipla
--

CREATE INDEX contas_pagar_contaapagar_filial_id_5b27ec96 ON public.contas_pagar_contaapagar USING btree (filial_id);


--
-- Name: contas_pagar_contaapagar_forma_pagamento_id_3a322d94; Type: INDEX; Schema: public; Owner: multipla
--

CREATE INDEX contas_pagar_contaapagar_forma_pagamento_id_3a322d94 ON public.contas_pagar_contaapagar USING btree (forma_pagamento_id);


--
-- Name: contas_pagar_contaareceber_centro_custo_id_c82bc590; Type: INDEX; Schema: public; Owner: multipla
--

CREATE INDEX contas_pagar_contaareceber_centro_custo_id_c82bc590 ON public.contas_pagar_contaareceber USING btree (centro_custo_id);


--
-- Name: contas_pagar_contaareceber_conta_financeira_id_70f5a6e4; Type: INDEX; Schema: public; Owner: multipla
--

CREATE INDEX contas_pagar_contaareceber_conta_financeira_id_70f5a6e4 ON public.contas_pagar_contaareceber USING btree (conta_financeira_id);


--
-- Name: contas_pagar_contaareceber_contrato_id_18715589; Type: INDEX; Schema: public; Owner: multipla
--

CREATE INDEX contas_pagar_contaareceber_contrato_id_18715589 ON public.contas_pagar_contaareceber USING btree (contrato_id);


--
-- Name: contas_pagar_contaareceber_filial_id_2d8c4a2e; Type: INDEX; Schema: public; Owner: multipla
--

CREATE INDEX contas_pagar_contaareceber_filial_id_2d8c4a2e ON public.contas_pagar_contaareceber USING btree (filial_id);


--
-- Name: contas_pagar_contaareceber_forma_pagamento_id_e887c387; Type: INDEX; Schema: public; Owner: multipla
--

CREATE INDEX contas_pagar_contaareceber_forma_pagamento_id_e887c387 ON public.contas_pagar_contaareceber USING btree (forma_pagamento_id);


--
-- Name: contas_pagar_contapagaravu_contapagaravulso_id_2aa2b8a9; Type: INDEX; Schema: public; Owner: multipla
--

CREATE INDEX contas_pagar_contapagaravu_contapagaravulso_id_2aa2b8a9 ON public.contas_pagar_contapagaravulso_projetos USING btree (contapagaravulso_id);


--
-- Name: contas_pagar_contapagaravulso_centro_custo_id_50ce8178; Type: INDEX; Schema: public; Owner: multipla
--

CREATE INDEX contas_pagar_contapagaravulso_centro_custo_id_50ce8178 ON public.contas_pagar_contapagaravulso USING btree (centro_custo_id);


--
-- Name: contas_pagar_contapagaravulso_conta_financeira_id_96a4199a; Type: INDEX; Schema: public; Owner: multipla
--

CREATE INDEX contas_pagar_contapagaravulso_conta_financeira_id_96a4199a ON public.contas_pagar_contapagaravulso USING btree (conta_financeira_id);


--
-- Name: contas_pagar_contapagaravulso_filial_id_272cad77; Type: INDEX; Schema: public; Owner: multipla
--

CREATE INDEX contas_pagar_contapagaravulso_filial_id_272cad77 ON public.contas_pagar_contapagaravulso USING btree (filial_id);


--
-- Name: contas_pagar_contapagaravulso_fornecedor_id_9e6c0c18; Type: INDEX; Schema: public; Owner: multipla
--

CREATE INDEX contas_pagar_contapagaravulso_fornecedor_id_9e6c0c18 ON public.contas_pagar_contapagaravulso USING btree (fornecedor_id);


--
-- Name: contas_pagar_contapagaravulso_funcionario_id_fa4e56c0; Type: INDEX; Schema: public; Owner: multipla
--

CREATE INDEX contas_pagar_contapagaravulso_funcionario_id_fa4e56c0 ON public.contas_pagar_contapagaravulso USING btree (funcionario_id);


--
-- Name: contas_pagar_contapagaravulso_projetos_projeto_id_c0612e90; Type: INDEX; Schema: public; Owner: multipla
--

CREATE INDEX contas_pagar_contapagaravulso_projetos_projeto_id_c0612e90 ON public.contas_pagar_contapagaravulso_projetos USING btree (projeto_id);


--
-- Name: contas_pagar_contarecebera_contareceberavulso_id_a01d9829; Type: INDEX; Schema: public; Owner: multipla
--

CREATE INDEX contas_pagar_contarecebera_contareceberavulso_id_a01d9829 ON public.contas_pagar_contareceberavulso_projetos USING btree (contareceberavulso_id);


--
-- Name: contas_pagar_contareceberavulso_centro_custo_id_4cec477f; Type: INDEX; Schema: public; Owner: multipla
--

CREATE INDEX contas_pagar_contareceberavulso_centro_custo_id_4cec477f ON public.contas_pagar_contareceberavulso USING btree (centro_custo_id);


--
-- Name: contas_pagar_contareceberavulso_cliente_id_02b11ef2; Type: INDEX; Schema: public; Owner: multipla
--

CREATE INDEX contas_pagar_contareceberavulso_cliente_id_02b11ef2 ON public.contas_pagar_contareceberavulso USING btree (cliente_id);


--
-- Name: contas_pagar_contareceberavulso_conta_financeira_id_a103b61f; Type: INDEX; Schema: public; Owner: multipla
--

CREATE INDEX contas_pagar_contareceberavulso_conta_financeira_id_a103b61f ON public.contas_pagar_contareceberavulso USING btree (conta_financeira_id);


--
-- Name: contas_pagar_contareceberavulso_filial_id_a8f77348; Type: INDEX; Schema: public; Owner: multipla
--

CREATE INDEX contas_pagar_contareceberavulso_filial_id_a8f77348 ON public.contas_pagar_contareceberavulso USING btree (filial_id);


--
-- Name: contas_pagar_contareceberavulso_projetos_projeto_id_f32d3022; Type: INDEX; Schema: public; Owner: multipla
--

CREATE INDEX contas_pagar_contareceberavulso_projetos_projeto_id_f32d3022 ON public.contas_pagar_contareceberavulso_projetos USING btree (projeto_id);


--
-- Name: contas_pagar_projetoconta_conta_id_54055e5f; Type: INDEX; Schema: public; Owner: multipla
--

CREATE INDEX contas_pagar_projetoconta_conta_id_54055e5f ON public.contas_pagar_projetoconta USING btree (conta_id);


--
-- Name: contas_pagar_projetoconta_projeto_id_82e8e5ca; Type: INDEX; Schema: public; Owner: multipla
--

CREATE INDEX contas_pagar_projetoconta_projeto_id_82e8e5ca ON public.contas_pagar_projetoconta USING btree (projeto_id);


--
-- Name: contas_pagar_projetocontapagar_conta_id_4f0b0acb; Type: INDEX; Schema: public; Owner: multipla
--

CREATE INDEX contas_pagar_projetocontapagar_conta_id_4f0b0acb ON public.contas_pagar_projetocontapagar USING btree (conta_id);


--
-- Name: contas_pagar_projetocontapagar_projeto_id_4bcc0382; Type: INDEX; Schema: public; Owner: multipla
--

CREATE INDEX contas_pagar_projetocontapagar_projeto_id_4bcc0382 ON public.contas_pagar_projetocontapagar USING btree (projeto_id);


--
-- Name: contratos_contrato_cliente_id_1993b39b; Type: INDEX; Schema: public; Owner: multipla
--

CREATE INDEX contratos_contrato_cliente_id_1993b39b ON public.contratos_contrato USING btree (cliente_id);


--
-- Name: contratos_contrato_filial_id_264eb70f; Type: INDEX; Schema: public; Owner: multipla
--

CREATE INDEX contratos_contrato_filial_id_264eb70f ON public.contratos_contrato USING btree (filial_id);


--
-- Name: contratos_contrato_fornecedor_id_311356a2; Type: INDEX; Schema: public; Owner: multipla
--

CREATE INDEX contratos_contrato_fornecedor_id_311356a2 ON public.contratos_contrato USING btree (fornecedor_id);


--
-- Name: contratos_contrato_funcionario_id_d0c14f4b; Type: INDEX; Schema: public; Owner: multipla
--

CREATE INDEX contratos_contrato_funcionario_id_d0c14f4b ON public.contratos_contrato USING btree (funcionario_id);


--
-- Name: contratos_contrato_numero_8b697554_like; Type: INDEX; Schema: public; Owner: multipla
--

CREATE INDEX contratos_contrato_numero_8b697554_like ON public.contratos_contrato USING btree (numero varchar_pattern_ops);


--
-- Name: contratos_contratoprojeto_contrato_id_f43b065f; Type: INDEX; Schema: public; Owner: multipla
--

CREATE INDEX contratos_contratoprojeto_contrato_id_f43b065f ON public.contratos_contratoprojeto USING btree (contrato_id);


--
-- Name: contratos_contratoprojeto_projeto_id_761bad72; Type: INDEX; Schema: public; Owner: multipla
--

CREATE INDEX contratos_contratoprojeto_projeto_id_761bad72 ON public.contratos_contratoprojeto USING btree (projeto_id);


--
-- Name: contratos_projecaofaturamento_contrato_id_0ca04438; Type: INDEX; Schema: public; Owner: multipla
--

CREATE INDEX contratos_projecaofaturamento_contrato_id_0ca04438 ON public.contratos_projecaofaturamento USING btree (contrato_id);


--
-- Name: django_admin_log_content_type_id_c4bce8eb; Type: INDEX; Schema: public; Owner: multipla
--

CREATE INDEX django_admin_log_content_type_id_c4bce8eb ON public.django_admin_log USING btree (content_type_id);


--
-- Name: django_admin_log_user_id_c564eba6; Type: INDEX; Schema: public; Owner: multipla
--

CREATE INDEX django_admin_log_user_id_c564eba6 ON public.django_admin_log USING btree (user_id);


--
-- Name: django_session_expire_date_a5c62663; Type: INDEX; Schema: public; Owner: multipla
--

CREATE INDEX django_session_expire_date_a5c62663 ON public.django_session USING btree (expire_date);


--
-- Name: django_session_session_key_c0390e0f_like; Type: INDEX; Schema: public; Owner: multipla
--

CREATE INDEX django_session_session_key_c0390e0f_like ON public.django_session USING btree (session_key varchar_pattern_ops);


--
-- Name: empresas_empresa_cnpj_0215eda8_like; Type: INDEX; Schema: public; Owner: multipla
--

CREATE INDEX empresas_empresa_cnpj_0215eda8_like ON public.empresas_empresa USING btree (cnpj varchar_pattern_ops);


--
-- Name: empresas_filial_empresa_id_14de22b7; Type: INDEX; Schema: public; Owner: multipla
--

CREATE INDEX empresas_filial_empresa_id_14de22b7 ON public.empresas_filial USING btree (empresa_id);


--
-- Name: financeiro_centrocusto_filial_id_4197f488; Type: INDEX; Schema: public; Owner: multipla
--

CREATE INDEX financeiro_centrocusto_filial_id_4197f488 ON public.financeiro_centrocusto USING btree (filial_id);


--
-- Name: financeiro_centrocusto_mascara_centro_custo_31622c9b_like; Type: INDEX; Schema: public; Owner: multipla
--

CREATE INDEX financeiro_centrocusto_mascara_centro_custo_31622c9b_like ON public.financeiro_centrocusto USING btree (mascara_centro_custo varchar_pattern_ops);


--
-- Name: financeiro_contafinanceira_filial_id_4100302c; Type: INDEX; Schema: public; Owner: multipla
--

CREATE INDEX financeiro_contafinanceira_filial_id_4100302c ON public.financeiro_contafinanceira USING btree (filial_id);


--
-- Name: financeiro_contafinanceira_mascara_conta_ce1729cb_like; Type: INDEX; Schema: public; Owner: multipla
--

CREATE INDEX financeiro_contafinanceira_mascara_conta_ce1729cb_like ON public.financeiro_contafinanceira USING btree (mascara_conta varchar_pattern_ops);


--
-- Name: fornecedores_fornecedor_cpf_cnpj_01544523_like; Type: INDEX; Schema: public; Owner: multipla
--

CREATE INDEX fornecedores_fornecedor_cpf_cnpj_01544523_like ON public.fornecedores_fornecedor USING btree (cpf_cnpj varchar_pattern_ops);


--
-- Name: fornecedores_fornecedor_email_3b495d1d_like; Type: INDEX; Schema: public; Owner: multipla
--

CREATE INDEX fornecedores_fornecedor_email_3b495d1d_like ON public.fornecedores_fornecedor USING btree (email varchar_pattern_ops);


--
-- Name: fornecedores_fornecedor_empresa_id_551c0e7c; Type: INDEX; Schema: public; Owner: multipla
--

CREATE INDEX fornecedores_fornecedor_empresa_id_551c0e7c ON public.fornecedores_fornecedor USING btree (empresa_id);


--
-- Name: funcionarios_funcionario_cpf_c1910cbb_like; Type: INDEX; Schema: public; Owner: multipla
--

CREATE INDEX funcionarios_funcionario_cpf_c1910cbb_like ON public.funcionarios_funcionario USING btree (cpf varchar_pattern_ops);


--
-- Name: funcionarios_funcionario_filial_id_fb9cea9d; Type: INDEX; Schema: public; Owner: multipla
--

CREATE INDEX funcionarios_funcionario_filial_id_fb9cea9d ON public.funcionarios_funcionario USING btree (filial_id);


--
-- Name: funcionarios_funcionario_matricula_2fab6c8c_like; Type: INDEX; Schema: public; Owner: multipla
--

CREATE INDEX funcionarios_funcionario_matricula_2fab6c8c_like ON public.funcionarios_funcionario USING btree (matricula varchar_pattern_ops);


--
-- Name: pagamentos_formapagamento_filial_id_230babd4; Type: INDEX; Schema: public; Owner: multipla
--

CREATE INDEX pagamentos_formapagamento_filial_id_230babd4 ON public.pagamentos_formapagamento USING btree (filial_id);


--
-- Name: projetos_projeto_filial_id_cd8acd50; Type: INDEX; Schema: public; Owner: multipla
--

CREATE INDEX projetos_projeto_filial_id_cd8acd50 ON public.projetos_projeto USING btree (filial_id);


--
-- Name: usuarios_perfilusuario_email_1d7323d6_like; Type: INDEX; Schema: public; Owner: multipla
--

CREATE INDEX usuarios_perfilusuario_email_1d7323d6_like ON public.usuarios_perfilusuario USING btree (email varchar_pattern_ops);


--
-- Name: usuarios_perfilusuario_emp_perfilusuario_id_f93ac5e8; Type: INDEX; Schema: public; Owner: multipla
--

CREATE INDEX usuarios_perfilusuario_emp_perfilusuario_id_f93ac5e8 ON public.usuarios_perfilusuario_empresas_acessiveis USING btree (perfilusuario_id);


--
-- Name: usuarios_perfilusuario_empresa_padrao_id_fd133f1b; Type: INDEX; Schema: public; Owner: multipla
--

CREATE INDEX usuarios_perfilusuario_empresa_padrao_id_fd133f1b ON public.usuarios_perfilusuario USING btree (empresa_padrao_id);


--
-- Name: usuarios_perfilusuario_empresas_acessiveis_empresa_id_402004b7; Type: INDEX; Schema: public; Owner: multipla
--

CREATE INDEX usuarios_perfilusuario_empresas_acessiveis_empresa_id_402004b7 ON public.usuarios_perfilusuario_empresas_acessiveis USING btree (empresa_id);


--
-- Name: auth_group_permissions auth_group_permissio_permission_id_84c5c92e_fk_auth_perm; Type: FK CONSTRAINT; Schema: public; Owner: multipla
--

ALTER TABLE ONLY public.auth_group_permissions
    ADD CONSTRAINT auth_group_permissio_permission_id_84c5c92e_fk_auth_perm FOREIGN KEY (permission_id) REFERENCES public.auth_permission(id) DEFERRABLE INITIALLY DEFERRED;


--
-- Name: auth_group_permissions auth_group_permissions_group_id_b120cbf9_fk_auth_group_id; Type: FK CONSTRAINT; Schema: public; Owner: multipla
--

ALTER TABLE ONLY public.auth_group_permissions
    ADD CONSTRAINT auth_group_permissions_group_id_b120cbf9_fk_auth_group_id FOREIGN KEY (group_id) REFERENCES public.auth_group(id) DEFERRABLE INITIALLY DEFERRED;


--
-- Name: auth_permission auth_permission_content_type_id_2f476e4b_fk_django_co; Type: FK CONSTRAINT; Schema: public; Owner: multipla
--

ALTER TABLE ONLY public.auth_permission
    ADD CONSTRAINT auth_permission_content_type_id_2f476e4b_fk_django_co FOREIGN KEY (content_type_id) REFERENCES public.django_content_type(id) DEFERRABLE INITIALLY DEFERRED;


--
-- Name: auth_user_groups auth_user_groups_group_id_97559544_fk_auth_group_id; Type: FK CONSTRAINT; Schema: public; Owner: multipla
--

ALTER TABLE ONLY public.auth_user_groups
    ADD CONSTRAINT auth_user_groups_group_id_97559544_fk_auth_group_id FOREIGN KEY (group_id) REFERENCES public.auth_group(id) DEFERRABLE INITIALLY DEFERRED;


--
-- Name: auth_user_groups auth_user_groups_user_id_6a12ed8b_fk_auth_user_id; Type: FK CONSTRAINT; Schema: public; Owner: multipla
--

ALTER TABLE ONLY public.auth_user_groups
    ADD CONSTRAINT auth_user_groups_user_id_6a12ed8b_fk_auth_user_id FOREIGN KEY (user_id) REFERENCES public.auth_user(id) DEFERRABLE INITIALLY DEFERRED;


--
-- Name: auth_user_user_permissions auth_user_user_permi_permission_id_1fbb5f2c_fk_auth_perm; Type: FK CONSTRAINT; Schema: public; Owner: multipla
--

ALTER TABLE ONLY public.auth_user_user_permissions
    ADD CONSTRAINT auth_user_user_permi_permission_id_1fbb5f2c_fk_auth_perm FOREIGN KEY (permission_id) REFERENCES public.auth_permission(id) DEFERRABLE INITIALLY DEFERRED;


--
-- Name: auth_user_user_permissions auth_user_user_permissions_user_id_a95ead1b_fk_auth_user_id; Type: FK CONSTRAINT; Schema: public; Owner: multipla
--

ALTER TABLE ONLY public.auth_user_user_permissions
    ADD CONSTRAINT auth_user_user_permissions_user_id_a95ead1b_fk_auth_user_id FOREIGN KEY (user_id) REFERENCES public.auth_user(id) DEFERRABLE INITIALLY DEFERRED;


--
-- Name: authtoken_token authtoken_token_user_id_35299eff_fk_auth_user_id; Type: FK CONSTRAINT; Schema: public; Owner: multipla
--

ALTER TABLE ONLY public.authtoken_token
    ADD CONSTRAINT authtoken_token_user_id_35299eff_fk_auth_user_id FOREIGN KEY (user_id) REFERENCES public.auth_user(id) DEFERRABLE INITIALLY DEFERRED;


--
-- Name: clientes_cliente clientes_cliente_empresa_id_6e2597e2_fk_empresas_empresa_id; Type: FK CONSTRAINT; Schema: public; Owner: multipla
--

ALTER TABLE ONLY public.clientes_cliente
    ADD CONSTRAINT clientes_cliente_empresa_id_6e2597e2_fk_empresas_empresa_id FOREIGN KEY (empresa_id) REFERENCES public.empresas_empresa(id) DEFERRABLE INITIALLY DEFERRED;


--
-- Name: contas_pagar_contaapagar contas_pagar_contaap_centro_custo_id_efa11c21_fk_financeir; Type: FK CONSTRAINT; Schema: public; Owner: multipla
--

ALTER TABLE ONLY public.contas_pagar_contaapagar
    ADD CONSTRAINT contas_pagar_contaap_centro_custo_id_efa11c21_fk_financeir FOREIGN KEY (centro_custo_id) REFERENCES public.financeiro_centrocusto(id) DEFERRABLE INITIALLY DEFERRED;


--
-- Name: contas_pagar_contaapagar contas_pagar_contaap_conta_financeira_id_5962d817_fk_financeir; Type: FK CONSTRAINT; Schema: public; Owner: multipla
--

ALTER TABLE ONLY public.contas_pagar_contaapagar
    ADD CONSTRAINT contas_pagar_contaap_conta_financeira_id_5962d817_fk_financeir FOREIGN KEY (conta_financeira_id) REFERENCES public.financeiro_contafinanceira(id) DEFERRABLE INITIALLY DEFERRED;


--
-- Name: contas_pagar_contaapagar contas_pagar_contaap_contrato_id_dca73451_fk_contratos; Type: FK CONSTRAINT; Schema: public; Owner: multipla
--

ALTER TABLE ONLY public.contas_pagar_contaapagar
    ADD CONSTRAINT contas_pagar_contaap_contrato_id_dca73451_fk_contratos FOREIGN KEY (contrato_id) REFERENCES public.contratos_contrato(id) DEFERRABLE INITIALLY DEFERRED;


--
-- Name: contas_pagar_contaapagar contas_pagar_contaap_filial_id_5b27ec96_fk_empresas_; Type: FK CONSTRAINT; Schema: public; Owner: multipla
--

ALTER TABLE ONLY public.contas_pagar_contaapagar
    ADD CONSTRAINT contas_pagar_contaap_filial_id_5b27ec96_fk_empresas_ FOREIGN KEY (filial_id) REFERENCES public.empresas_filial(id) DEFERRABLE INITIALLY DEFERRED;


--
-- Name: contas_pagar_contaapagar contas_pagar_contaap_forma_pagamento_id_3a322d94_fk_pagamento; Type: FK CONSTRAINT; Schema: public; Owner: multipla
--

ALTER TABLE ONLY public.contas_pagar_contaapagar
    ADD CONSTRAINT contas_pagar_contaap_forma_pagamento_id_3a322d94_fk_pagamento FOREIGN KEY (forma_pagamento_id) REFERENCES public.pagamentos_formapagamento(id) DEFERRABLE INITIALLY DEFERRED;


--
-- Name: contas_pagar_contaareceber contas_pagar_contaar_centro_custo_id_c82bc590_fk_financeir; Type: FK CONSTRAINT; Schema: public; Owner: multipla
--

ALTER TABLE ONLY public.contas_pagar_contaareceber
    ADD CONSTRAINT contas_pagar_contaar_centro_custo_id_c82bc590_fk_financeir FOREIGN KEY (centro_custo_id) REFERENCES public.financeiro_centrocusto(id) DEFERRABLE INITIALLY DEFERRED;


--
-- Name: contas_pagar_contaareceber contas_pagar_contaar_conta_financeira_id_70f5a6e4_fk_financeir; Type: FK CONSTRAINT; Schema: public; Owner: multipla
--

ALTER TABLE ONLY public.contas_pagar_contaareceber
    ADD CONSTRAINT contas_pagar_contaar_conta_financeira_id_70f5a6e4_fk_financeir FOREIGN KEY (conta_financeira_id) REFERENCES public.financeiro_contafinanceira(id) DEFERRABLE INITIALLY DEFERRED;


--
-- Name: contas_pagar_contaareceber contas_pagar_contaar_contrato_id_18715589_fk_contratos; Type: FK CONSTRAINT; Schema: public; Owner: multipla
--

ALTER TABLE ONLY public.contas_pagar_contaareceber
    ADD CONSTRAINT contas_pagar_contaar_contrato_id_18715589_fk_contratos FOREIGN KEY (contrato_id) REFERENCES public.contratos_contrato(id) DEFERRABLE INITIALLY DEFERRED;


--
-- Name: contas_pagar_contaareceber contas_pagar_contaar_filial_id_2d8c4a2e_fk_empresas_; Type: FK CONSTRAINT; Schema: public; Owner: multipla
--

ALTER TABLE ONLY public.contas_pagar_contaareceber
    ADD CONSTRAINT contas_pagar_contaar_filial_id_2d8c4a2e_fk_empresas_ FOREIGN KEY (filial_id) REFERENCES public.empresas_filial(id) DEFERRABLE INITIALLY DEFERRED;


--
-- Name: contas_pagar_contaareceber contas_pagar_contaar_forma_pagamento_id_e887c387_fk_pagamento; Type: FK CONSTRAINT; Schema: public; Owner: multipla
--

ALTER TABLE ONLY public.contas_pagar_contaareceber
    ADD CONSTRAINT contas_pagar_contaar_forma_pagamento_id_e887c387_fk_pagamento FOREIGN KEY (forma_pagamento_id) REFERENCES public.pagamentos_formapagamento(id) DEFERRABLE INITIALLY DEFERRED;


--
-- Name: contas_pagar_contapagaravulso contas_pagar_contapa_centro_custo_id_50ce8178_fk_financeir; Type: FK CONSTRAINT; Schema: public; Owner: multipla
--

ALTER TABLE ONLY public.contas_pagar_contapagaravulso
    ADD CONSTRAINT contas_pagar_contapa_centro_custo_id_50ce8178_fk_financeir FOREIGN KEY (centro_custo_id) REFERENCES public.financeiro_centrocusto(id) DEFERRABLE INITIALLY DEFERRED;


--
-- Name: contas_pagar_contapagaravulso contas_pagar_contapa_conta_financeira_id_96a4199a_fk_financeir; Type: FK CONSTRAINT; Schema: public; Owner: multipla
--

ALTER TABLE ONLY public.contas_pagar_contapagaravulso
    ADD CONSTRAINT contas_pagar_contapa_conta_financeira_id_96a4199a_fk_financeir FOREIGN KEY (conta_financeira_id) REFERENCES public.financeiro_contafinanceira(id) DEFERRABLE INITIALLY DEFERRED;


--
-- Name: contas_pagar_contapagaravulso_projetos contas_pagar_contapa_contapagaravulso_id_2aa2b8a9_fk_contas_pa; Type: FK CONSTRAINT; Schema: public; Owner: multipla
--

ALTER TABLE ONLY public.contas_pagar_contapagaravulso_projetos
    ADD CONSTRAINT contas_pagar_contapa_contapagaravulso_id_2aa2b8a9_fk_contas_pa FOREIGN KEY (contapagaravulso_id) REFERENCES public.contas_pagar_contapagaravulso(id) DEFERRABLE INITIALLY DEFERRED;


--
-- Name: contas_pagar_contapagaravulso contas_pagar_contapa_filial_id_272cad77_fk_empresas_; Type: FK CONSTRAINT; Schema: public; Owner: multipla
--

ALTER TABLE ONLY public.contas_pagar_contapagaravulso
    ADD CONSTRAINT contas_pagar_contapa_filial_id_272cad77_fk_empresas_ FOREIGN KEY (filial_id) REFERENCES public.empresas_filial(id) DEFERRABLE INITIALLY DEFERRED;


--
-- Name: contas_pagar_contapagaravulso contas_pagar_contapa_fornecedor_id_9e6c0c18_fk_fornecedo; Type: FK CONSTRAINT; Schema: public; Owner: multipla
--

ALTER TABLE ONLY public.contas_pagar_contapagaravulso
    ADD CONSTRAINT contas_pagar_contapa_fornecedor_id_9e6c0c18_fk_fornecedo FOREIGN KEY (fornecedor_id) REFERENCES public.fornecedores_fornecedor(id) DEFERRABLE INITIALLY DEFERRED;


--
-- Name: contas_pagar_contapagaravulso contas_pagar_contapa_funcionario_id_fa4e56c0_fk_funcionar; Type: FK CONSTRAINT; Schema: public; Owner: multipla
--

ALTER TABLE ONLY public.contas_pagar_contapagaravulso
    ADD CONSTRAINT contas_pagar_contapa_funcionario_id_fa4e56c0_fk_funcionar FOREIGN KEY (funcionario_id) REFERENCES public.funcionarios_funcionario(id) DEFERRABLE INITIALLY DEFERRED;


--
-- Name: contas_pagar_contapagaravulso_projetos contas_pagar_contapa_projeto_id_c0612e90_fk_projetos_; Type: FK CONSTRAINT; Schema: public; Owner: multipla
--

ALTER TABLE ONLY public.contas_pagar_contapagaravulso_projetos
    ADD CONSTRAINT contas_pagar_contapa_projeto_id_c0612e90_fk_projetos_ FOREIGN KEY (projeto_id) REFERENCES public.projetos_projeto(id) DEFERRABLE INITIALLY DEFERRED;


--
-- Name: contas_pagar_contareceberavulso contas_pagar_contare_centro_custo_id_4cec477f_fk_financeir; Type: FK CONSTRAINT; Schema: public; Owner: multipla
--

ALTER TABLE ONLY public.contas_pagar_contareceberavulso
    ADD CONSTRAINT contas_pagar_contare_centro_custo_id_4cec477f_fk_financeir FOREIGN KEY (centro_custo_id) REFERENCES public.financeiro_centrocusto(id) DEFERRABLE INITIALLY DEFERRED;


--
-- Name: contas_pagar_contareceberavulso contas_pagar_contare_cliente_id_02b11ef2_fk_clientes_; Type: FK CONSTRAINT; Schema: public; Owner: multipla
--

ALTER TABLE ONLY public.contas_pagar_contareceberavulso
    ADD CONSTRAINT contas_pagar_contare_cliente_id_02b11ef2_fk_clientes_ FOREIGN KEY (cliente_id) REFERENCES public.clientes_cliente(id) DEFERRABLE INITIALLY DEFERRED;


--
-- Name: contas_pagar_contareceberavulso contas_pagar_contare_conta_financeira_id_a103b61f_fk_financeir; Type: FK CONSTRAINT; Schema: public; Owner: multipla
--

ALTER TABLE ONLY public.contas_pagar_contareceberavulso
    ADD CONSTRAINT contas_pagar_contare_conta_financeira_id_a103b61f_fk_financeir FOREIGN KEY (conta_financeira_id) REFERENCES public.financeiro_contafinanceira(id) DEFERRABLE INITIALLY DEFERRED;


--
-- Name: contas_pagar_contareceberavulso_projetos contas_pagar_contare_contareceberavulso_i_a01d9829_fk_contas_pa; Type: FK CONSTRAINT; Schema: public; Owner: multipla
--

ALTER TABLE ONLY public.contas_pagar_contareceberavulso_projetos
    ADD CONSTRAINT contas_pagar_contare_contareceberavulso_i_a01d9829_fk_contas_pa FOREIGN KEY (contareceberavulso_id) REFERENCES public.contas_pagar_contareceberavulso(id) DEFERRABLE INITIALLY DEFERRED;


--
-- Name: contas_pagar_contareceberavulso contas_pagar_contare_filial_id_a8f77348_fk_empresas_; Type: FK CONSTRAINT; Schema: public; Owner: multipla
--

ALTER TABLE ONLY public.contas_pagar_contareceberavulso
    ADD CONSTRAINT contas_pagar_contare_filial_id_a8f77348_fk_empresas_ FOREIGN KEY (filial_id) REFERENCES public.empresas_filial(id) DEFERRABLE INITIALLY DEFERRED;


--
-- Name: contas_pagar_contareceberavulso_projetos contas_pagar_contare_projeto_id_f32d3022_fk_projetos_; Type: FK CONSTRAINT; Schema: public; Owner: multipla
--

ALTER TABLE ONLY public.contas_pagar_contareceberavulso_projetos
    ADD CONSTRAINT contas_pagar_contare_projeto_id_f32d3022_fk_projetos_ FOREIGN KEY (projeto_id) REFERENCES public.projetos_projeto(id) DEFERRABLE INITIALLY DEFERRED;


--
-- Name: contas_pagar_projetocontapagar contas_pagar_projeto_conta_id_4f0b0acb_fk_contas_pa; Type: FK CONSTRAINT; Schema: public; Owner: multipla
--

ALTER TABLE ONLY public.contas_pagar_projetocontapagar
    ADD CONSTRAINT contas_pagar_projeto_conta_id_4f0b0acb_fk_contas_pa FOREIGN KEY (conta_id) REFERENCES public.contas_pagar_contapagaravulso(id) DEFERRABLE INITIALLY DEFERRED;


--
-- Name: contas_pagar_projetoconta contas_pagar_projeto_conta_id_54055e5f_fk_contas_pa; Type: FK CONSTRAINT; Schema: public; Owner: multipla
--

ALTER TABLE ONLY public.contas_pagar_projetoconta
    ADD CONSTRAINT contas_pagar_projeto_conta_id_54055e5f_fk_contas_pa FOREIGN KEY (conta_id) REFERENCES public.contas_pagar_contareceberavulso(id) DEFERRABLE INITIALLY DEFERRED;


--
-- Name: contas_pagar_projetocontapagar contas_pagar_projeto_projeto_id_4bcc0382_fk_projetos_; Type: FK CONSTRAINT; Schema: public; Owner: multipla
--

ALTER TABLE ONLY public.contas_pagar_projetocontapagar
    ADD CONSTRAINT contas_pagar_projeto_projeto_id_4bcc0382_fk_projetos_ FOREIGN KEY (projeto_id) REFERENCES public.projetos_projeto(id) DEFERRABLE INITIALLY DEFERRED;


--
-- Name: contas_pagar_projetoconta contas_pagar_projeto_projeto_id_82e8e5ca_fk_projetos_; Type: FK CONSTRAINT; Schema: public; Owner: multipla
--

ALTER TABLE ONLY public.contas_pagar_projetoconta
    ADD CONSTRAINT contas_pagar_projeto_projeto_id_82e8e5ca_fk_projetos_ FOREIGN KEY (projeto_id) REFERENCES public.projetos_projeto(id) DEFERRABLE INITIALLY DEFERRED;


--
-- Name: contratos_contrato contratos_contrato_cliente_id_1993b39b_fk_clientes_cliente_id; Type: FK CONSTRAINT; Schema: public; Owner: multipla
--

ALTER TABLE ONLY public.contratos_contrato
    ADD CONSTRAINT contratos_contrato_cliente_id_1993b39b_fk_clientes_cliente_id FOREIGN KEY (cliente_id) REFERENCES public.clientes_cliente(id) DEFERRABLE INITIALLY DEFERRED;


--
-- Name: contratos_contrato contratos_contrato_filial_id_264eb70f_fk_empresas_filial_id; Type: FK CONSTRAINT; Schema: public; Owner: multipla
--

ALTER TABLE ONLY public.contratos_contrato
    ADD CONSTRAINT contratos_contrato_filial_id_264eb70f_fk_empresas_filial_id FOREIGN KEY (filial_id) REFERENCES public.empresas_filial(id) DEFERRABLE INITIALLY DEFERRED;


--
-- Name: contratos_contrato contratos_contrato_fornecedor_id_311356a2_fk_fornecedo; Type: FK CONSTRAINT; Schema: public; Owner: multipla
--

ALTER TABLE ONLY public.contratos_contrato
    ADD CONSTRAINT contratos_contrato_fornecedor_id_311356a2_fk_fornecedo FOREIGN KEY (fornecedor_id) REFERENCES public.fornecedores_fornecedor(id) DEFERRABLE INITIALLY DEFERRED;


--
-- Name: contratos_contrato contratos_contrato_funcionario_id_d0c14f4b_fk_funcionar; Type: FK CONSTRAINT; Schema: public; Owner: multipla
--

ALTER TABLE ONLY public.contratos_contrato
    ADD CONSTRAINT contratos_contrato_funcionario_id_d0c14f4b_fk_funcionar FOREIGN KEY (funcionario_id) REFERENCES public.funcionarios_funcionario(id) DEFERRABLE INITIALLY DEFERRED;


--
-- Name: contratos_contratoprojeto contratos_contratopr_contrato_id_f43b065f_fk_contratos; Type: FK CONSTRAINT; Schema: public; Owner: multipla
--

ALTER TABLE ONLY public.contratos_contratoprojeto
    ADD CONSTRAINT contratos_contratopr_contrato_id_f43b065f_fk_contratos FOREIGN KEY (contrato_id) REFERENCES public.contratos_contrato(id) DEFERRABLE INITIALLY DEFERRED;


--
-- Name: contratos_contratoprojeto contratos_contratopr_projeto_id_761bad72_fk_projetos_; Type: FK CONSTRAINT; Schema: public; Owner: multipla
--

ALTER TABLE ONLY public.contratos_contratoprojeto
    ADD CONSTRAINT contratos_contratopr_projeto_id_761bad72_fk_projetos_ FOREIGN KEY (projeto_id) REFERENCES public.projetos_projeto(id) DEFERRABLE INITIALLY DEFERRED;


--
-- Name: contratos_projecaofaturamento contratos_projecaofa_contrato_id_0ca04438_fk_contratos; Type: FK CONSTRAINT; Schema: public; Owner: multipla
--

ALTER TABLE ONLY public.contratos_projecaofaturamento
    ADD CONSTRAINT contratos_projecaofa_contrato_id_0ca04438_fk_contratos FOREIGN KEY (contrato_id) REFERENCES public.contratos_contrato(id) DEFERRABLE INITIALLY DEFERRED;


--
-- Name: django_admin_log django_admin_log_content_type_id_c4bce8eb_fk_django_co; Type: FK CONSTRAINT; Schema: public; Owner: multipla
--

ALTER TABLE ONLY public.django_admin_log
    ADD CONSTRAINT django_admin_log_content_type_id_c4bce8eb_fk_django_co FOREIGN KEY (content_type_id) REFERENCES public.django_content_type(id) DEFERRABLE INITIALLY DEFERRED;


--
-- Name: django_admin_log django_admin_log_user_id_c564eba6_fk_auth_user_id; Type: FK CONSTRAINT; Schema: public; Owner: multipla
--

ALTER TABLE ONLY public.django_admin_log
    ADD CONSTRAINT django_admin_log_user_id_c564eba6_fk_auth_user_id FOREIGN KEY (user_id) REFERENCES public.auth_user(id) DEFERRABLE INITIALLY DEFERRED;


--
-- Name: empresas_filial empresas_filial_empresa_id_14de22b7_fk_empresas_empresa_id; Type: FK CONSTRAINT; Schema: public; Owner: multipla
--

ALTER TABLE ONLY public.empresas_filial
    ADD CONSTRAINT empresas_filial_empresa_id_14de22b7_fk_empresas_empresa_id FOREIGN KEY (empresa_id) REFERENCES public.empresas_empresa(id) DEFERRABLE INITIALLY DEFERRED;


--
-- Name: financeiro_centrocusto financeiro_centrocusto_filial_id_4197f488_fk_empresas_filial_id; Type: FK CONSTRAINT; Schema: public; Owner: multipla
--

ALTER TABLE ONLY public.financeiro_centrocusto
    ADD CONSTRAINT financeiro_centrocusto_filial_id_4197f488_fk_empresas_filial_id FOREIGN KEY (filial_id) REFERENCES public.empresas_filial(id) DEFERRABLE INITIALLY DEFERRED;


--
-- Name: financeiro_contafinanceira financeiro_contafina_filial_id_4100302c_fk_empresas_; Type: FK CONSTRAINT; Schema: public; Owner: multipla
--

ALTER TABLE ONLY public.financeiro_contafinanceira
    ADD CONSTRAINT financeiro_contafina_filial_id_4100302c_fk_empresas_ FOREIGN KEY (filial_id) REFERENCES public.empresas_filial(id) DEFERRABLE INITIALLY DEFERRED;


--
-- Name: fornecedores_fornecedor fornecedores_fornece_empresa_id_551c0e7c_fk_empresas_; Type: FK CONSTRAINT; Schema: public; Owner: multipla
--

ALTER TABLE ONLY public.fornecedores_fornecedor
    ADD CONSTRAINT fornecedores_fornece_empresa_id_551c0e7c_fk_empresas_ FOREIGN KEY (empresa_id) REFERENCES public.empresas_empresa(id) DEFERRABLE INITIALLY DEFERRED;


--
-- Name: funcionarios_funcionario funcionarios_funcion_filial_id_fb9cea9d_fk_empresas_; Type: FK CONSTRAINT; Schema: public; Owner: multipla
--

ALTER TABLE ONLY public.funcionarios_funcionario
    ADD CONSTRAINT funcionarios_funcion_filial_id_fb9cea9d_fk_empresas_ FOREIGN KEY (filial_id) REFERENCES public.empresas_filial(id) DEFERRABLE INITIALLY DEFERRED;


--
-- Name: pagamentos_formapagamento pagamentos_formapaga_filial_id_230babd4_fk_empresas_; Type: FK CONSTRAINT; Schema: public; Owner: multipla
--

ALTER TABLE ONLY public.pagamentos_formapagamento
    ADD CONSTRAINT pagamentos_formapaga_filial_id_230babd4_fk_empresas_ FOREIGN KEY (filial_id) REFERENCES public.empresas_filial(id) DEFERRABLE INITIALLY DEFERRED;


--
-- Name: projetos_projeto projetos_projeto_filial_id_cd8acd50_fk_empresas_filial_id; Type: FK CONSTRAINT; Schema: public; Owner: multipla
--

ALTER TABLE ONLY public.projetos_projeto
    ADD CONSTRAINT projetos_projeto_filial_id_cd8acd50_fk_empresas_filial_id FOREIGN KEY (filial_id) REFERENCES public.empresas_filial(id) DEFERRABLE INITIALLY DEFERRED;


--
-- Name: usuarios_perfilusuario_empresas_acessiveis usuarios_perfilusuar_empresa_id_402004b7_fk_empresas_; Type: FK CONSTRAINT; Schema: public; Owner: multipla
--

ALTER TABLE ONLY public.usuarios_perfilusuario_empresas_acessiveis
    ADD CONSTRAINT usuarios_perfilusuar_empresa_id_402004b7_fk_empresas_ FOREIGN KEY (empresa_id) REFERENCES public.empresas_empresa(id) DEFERRABLE INITIALLY DEFERRED;


--
-- Name: usuarios_perfilusuario usuarios_perfilusuar_empresa_padrao_id_fd133f1b_fk_empresas_; Type: FK CONSTRAINT; Schema: public; Owner: multipla
--

ALTER TABLE ONLY public.usuarios_perfilusuario
    ADD CONSTRAINT usuarios_perfilusuar_empresa_padrao_id_fd133f1b_fk_empresas_ FOREIGN KEY (empresa_padrao_id) REFERENCES public.empresas_empresa(id) DEFERRABLE INITIALLY DEFERRED;


--
-- Name: usuarios_perfilusuario_empresas_acessiveis usuarios_perfilusuar_perfilusuario_id_f93ac5e8_fk_usuarios_; Type: FK CONSTRAINT; Schema: public; Owner: multipla
--

ALTER TABLE ONLY public.usuarios_perfilusuario_empresas_acessiveis
    ADD CONSTRAINT usuarios_perfilusuar_perfilusuario_id_f93ac5e8_fk_usuarios_ FOREIGN KEY (perfilusuario_id) REFERENCES public.usuarios_perfilusuario(id) DEFERRABLE INITIALLY DEFERRED;


--
-- Name: usuarios_perfilusuario usuarios_perfilusuario_user_id_f03197c5_fk_auth_user_id; Type: FK CONSTRAINT; Schema: public; Owner: multipla
--

ALTER TABLE ONLY public.usuarios_perfilusuario
    ADD CONSTRAINT usuarios_perfilusuario_user_id_f03197c5_fk_auth_user_id FOREIGN KEY (user_id) REFERENCES public.auth_user(id) DEFERRABLE INITIALLY DEFERRED;


--
-- PostgreSQL database dump complete
--

